Id,ActivityDate,TotalSteps,TrackerKM,VeryActiveKM,ModerateActiveKM,LiteActiveKM,VeryActiveHR,ModerateActiveHR,LiteActiveHR,SedentaryHR,Calories,dayOfWeek
1503960366,2016-04-12,13162,8.5,1.88,0.55,6.06,0.42,0.22,5.47,12.13,1985,Tuesday  
1503960366,2016-04-13,10735,6.97,1.57,0.69,4.71,0.35,0.32,3.62,12.93,1797,Wednesday
1503960366,2016-04-14,10460,6.74,2.44,0.4,3.91,0.5,0.18,3.02,20.3,1776,Thursday 
1503960366,2016-04-15,9762,6.28,2.14,1.26,2.83,0.48,0.57,3.48,12.1,1745,Friday   
1503960366,2016-04-16,12669,8.16,2.71,0.41,5.04,0.6,0.17,3.68,12.88,1863,Saturday 
1503960366,2016-04-17,9705,6.48,3.19,0.78,2.51,0.63,0.33,2.73,8.98,1728,Sunday   
1503960366,2016-04-18,13019,8.59,3.25,0.64,4.71,0.7,0.27,3.88,19.15,1921,Monday   
1503960366,2016-04-19,15506,9.88,3.53,1.32,5.03,0.83,0.52,4.4,12.92,2035,Tuesday  
1503960366,2016-04-20,10544,6.68,1.96,0.48,4.24,0.47,0.2,3.42,13.63,1786,Wednesday
1503960366,2016-04-21,9819,6.34,1.34,0.35,4.65,0.32,0.13,3.52,13.97,1775,Thursday 
1503960366,2016-04-22,12764,8.13,4.76,1.12,2.24,1.1,0.45,2.17,20.28,1827,Friday   
1503960366,2016-04-23,14371,9.04,2.81,0.87,5.36,0.68,0.35,4.37,12.2,1949,Saturday 
1503960366,2016-04-24,10039,6.41,2.92,0.21,3.28,0.65,0.08,3.97,11.82,1788,Sunday   
1503960366,2016-04-25,15355,9.8,5.29,0.57,3.94,1.22,0.23,3.6,13.57,2013,Monday   
1503960366,2016-04-26,13755,8.79,2.33,0.92,5.54,0.52,0.38,4.65,13.88,1970,Tuesday  
1503960366,2016-04-27,18134,12.21,6.4,0.41,5.41,1.3,0.18,4.05,18.47,2159,Wednesday
1503960366,2016-04-28,13154,8.53,3.54,1.16,3.79,0.8,0.47,3.15,13.03,1898,Thursday 
1503960366,2016-04-29,11181,7.15,1.06,0.5,5.58,0.27,0.2,4.05,13.58,1837,Friday   
1503960366,2016-04-30,14673,9.25,3.56,1.42,4.27,0.87,0.57,3.62,11.87,1947,Saturday 
1503960366,2016-05-01,10602,6.81,2.29,1.6,2.92,0.55,0.58,4.1,12.17,1820,Sunday   
1503960366,2016-05-02,14727,9.71,3.21,0.57,5.92,0.68,0.25,4.62,13.3,2004,Monday   
1503960366,2016-05-03,15103,9.66,3.73,1.05,4.88,0.83,0.4,4.23,13.6,1990,Tuesday  
1503960366,2016-05-04,11100,7.15,2.46,0.87,3.82,0.6,0.37,3.38,19.65,1819,Wednesday
1503960366,2016-05-05,14070,8.9,2.92,1.08,4.88,0.75,0.4,4.17,14.28,1959,Thursday 
1503960366,2016-05-06,12159,8.03,1.97,0.25,5.81,0.4,0.1,4.82,12.57,1896,Friday   
1503960366,2016-05-07,11992,7.71,2.46,2.12,3.13,0.62,0.77,2.92,13.88,1821,Saturday 
1503960366,2016-05-08,10060,6.58,3.53,0.32,2.73,0.73,0.13,3.38,9.57,1740,Sunday   
1503960366,2016-05-09,12022,7.72,3.45,0.53,3.74,0.77,0.18,3.43,13.92,1819,Monday   
1503960366,2016-05-10,12207,7.77,3.35,1.16,3.26,0.77,0.52,3.57,12.43,1859,Tuesday  
1503960366,2016-05-11,12770,8.13,2.56,1.01,4.55,0.6,0.38,4.18,11.15,1783,Wednesday
1624580081,2016-04-12,8163,5.31,0,0,5.31,0,0,2.43,21.57,1432,Tuesday  
1624580081,2016-04-13,7007,4.55,0,0,4.55,0,0,2.47,21.53,1411,Wednesday
1624580081,2016-04-14,9107,5.92,0,0,5.91,0,0,3.93,20.07,1572,Thursday 
1624580081,2016-04-15,1510,0.98,0,0,0.97,0,0,1.6,22.4,1344,Friday   
1624580081,2016-04-16,5370,3.49,0,0,3.49,0,0,2.93,21.07,1463,Saturday 
1624580081,2016-04-17,6175,4.06,1.03,1.52,1.49,0.25,0.37,2.12,21.27,1554,Sunday   
1624580081,2016-04-18,10536,7.41,2.15,0.62,4.62,0.28,0.12,3.37,20.23,1604,Monday   
1624580081,2016-04-19,2916,1.9,0,0,1.9,0,0,2.35,21.65,1435,Tuesday  
1624580081,2016-04-20,4974,3.23,0,0,3.23,0,0,2.52,21.48,1446,Wednesday
1624580081,2016-04-21,6349,4.13,0,0,4.11,0,0,3.1,20.9,1467,Thursday 
1624580081,2016-04-22,4026,2.62,0,0,2.6,0,0,3.32,20.68,1470,Friday   
1624580081,2016-04-23,8538,5.55,0,0,5.54,0,0,3.78,20.22,1562,Saturday 
1624580081,2016-04-24,6076,3.95,1.15,0.91,1.89,0.27,0.3,3.08,20.35,1617,Sunday   
1624580081,2016-04-25,6497,4.22,0,0,4.2,0,0,3.37,20.63,1492,Monday   
1624580081,2016-04-26,2826,1.84,0,0,1.83,0,0,2.33,21.67,1402,Tuesday  
1624580081,2016-04-27,8367,5.44,1.11,1.87,2.46,0.28,0.6,2.57,20.55,1670,Wednesday
1624580081,2016-04-28,2759,1.79,0,0.2,1.6,0,0.08,1.92,22,1401,Thursday 
1624580081,2016-04-29,2390,1.55,0,0,1.55,0,0,2.5,21.5,1404,Friday   
1624580081,2016-04-30,6474,4.3,0.9,1.28,2.12,0.18,0.38,3.73,19.7,1655,Saturday 
1624580081,2016-05-01,36019,28.03,21.92,4.19,1.91,3.1,1.05,2.85,17,2690,Sunday   
1624580081,2016-05-02,7155,4.93,0.86,0.59,3.47,0.12,0.1,2.77,21.02,1497,Monday   
1624580081,2016-05-03,2100,1.37,0,0,1.34,0,0,1.6,22.4,1334,Tuesday  
1624580081,2016-05-04,2193,1.43,0,0,1.42,0,0,1.97,22.03,1368,Wednesday
1624580081,2016-05-05,2470,1.61,0,0,1.58,0,0,1.95,22.05,1370,Thursday 
1624580081,2016-05-06,1727,1.12,0,0,1.12,0,0,1.7,22.3,1341,Friday   
1624580081,2016-05-07,2104,1.37,0,0,1.37,0,0,3.03,20.97,1474,Saturday 
1624580081,2016-05-08,3427,2.23,0,0,2.22,0,0,2.53,21.47,1427,Sunday   
1624580081,2016-05-09,1732,1.13,0,0,1.13,0,0,1.52,22.48,1328,Monday   
1624580081,2016-05-10,2969,1.93,0,0,1.92,0,0,2.32,21.68,1393,Tuesday  
1624580081,2016-05-11,3134,2.04,0,0,2.04,0,0,1.87,22.13,1359,Wednesday
1624580081,2016-05-12,2971,1.93,0,0,1.92,0,0,1.78,14.83,1002,Thursday 
1644430081,2016-04-12,10694,7.77,0.14,2.3,5.33,0.03,0.85,4.27,18.85,3199,Tuesday  
1644430081,2016-04-13,8001,5.82,2.28,0.9,2.64,0.5,0.27,2.25,20.98,2902,Wednesday
1644430081,2016-04-14,11037,8.02,0.36,2.56,5.1,0.08,0.97,4.2,18.75,3226,Thursday 
1644430081,2016-04-15,5263,3.83,0.22,0.15,3.45,0.05,0.07,2.83,21.05,2750,Friday   
1644430081,2016-04-16,15300,11.12,4.1,1.88,5.09,0.85,0.7,3.53,18.92,3493,Saturday 
1644430081,2016-04-17,8757,6.37,2.25,0.57,3.55,0.48,0.22,3.1,20.2,3011,Sunday   
1644430081,2016-04-18,7132,5.19,1.07,1.67,2.45,0.25,0.55,2.02,21.18,2806,Monday   
1644430081,2016-04-19,11256,8.18,0.36,2.53,5.3,0.08,0.97,4.63,18.32,3300,Tuesday  
1644430081,2016-04-20,2436,1.77,0,0,1.76,0,0,2.08,21.92,2430,Wednesday
1644430081,2016-04-21,1223,0.89,0,0,0.88,0,0,0.63,23.37,2140,Thursday 
1644430081,2016-04-22,3673,2.67,0,0,2.66,0,0,1.43,22.57,2344,Friday   
1644430081,2016-04-23,6637,4.83,0,0.58,4.25,0,0.25,2.67,21.08,2677,Saturday 
1644430081,2016-04-24,3321,2.41,0,0,2.41,0,0,1.48,22.52,2413,Sunday   
1644430081,2016-04-25,3580,2.6,0.59,0.06,1.95,0.13,0.02,1.57,22.28,2497,Monday   
1644430081,2016-04-26,9919,7.21,0.8,1.72,4.69,0.18,0.68,3.72,19.42,3123,Tuesday  
1644430081,2016-04-27,3032,2.2,0,0,2.2,0,0,1.97,22.03,2489,Wednesday
1644430081,2016-04-28,9405,6.84,0.2,2.32,4.31,0.05,0.88,3.78,19.28,3108,Thursday 
1644430081,2016-04-29,3176,2.31,0,0,2.31,0,0,2,19.88,2498,Friday   
1644430081,2016-04-30,18213,13.24,0.63,3.14,9.46,0.15,1.18,6.7,13.6,3846,Saturday 
1644430081,2016-05-01,6132,4.46,0.24,0.99,3.23,0.05,0.4,2.43,15.13,2696,Sunday   
1644430081,2016-05-02,3758,2.73,0.07,0.31,2.35,0.02,0.12,2.47,11.37,2580,Monday   
1644430081,2016-05-03,12850,9.34,0.72,4.09,4.54,0.17,1.57,3.68,18.58,3324,Tuesday  
1644430081,2016-05-04,2309,1.68,0,0,1.66,0,0,0.87,23.13,2222,Wednesday
1644430081,2016-05-05,4363,3.19,0.52,0.54,2.13,0.1,0.2,1.35,22.35,2463,Thursday 
1644430081,2016-05-06,9787,7.12,0.82,0.27,6.01,0.18,0.1,6.15,17.57,3328,Friday   
1644430081,2016-05-07,13372,9.72,3.26,0.79,5.67,0.68,0.28,4.05,18.98,3404,Saturday 
1644430081,2016-05-08,6724,4.89,0,0,4.88,0,0,4.92,16.52,2987,Sunday   
1644430081,2016-05-09,6643,4.83,2.39,0.35,2.09,0.53,0.1,5.05,18.32,3008,Monday   
1644430081,2016-05-10,9167,6.66,0.88,0.81,4.97,0.2,0.32,2.58,20.9,2799,Tuesday  
1644430081,2016-05-11,1329,0.97,0,0,0.95,0,0,0.82,11.88,1276,Wednesday
1844505072,2016-04-12,6697,4.43,0,0,4.43,0,0,5.65,18.35,2030,Tuesday  
1844505072,2016-04-13,4929,3.26,0,0,3.26,0,0,4.13,19.87,1860,Wednesday
1844505072,2016-04-14,7937,5.25,0,0,5.23,0,0,6.22,14.05,2130,Thursday 
1844505072,2016-04-15,3844,2.54,0,0,2.54,0,0,2.93,8.78,1725,Friday   
1844505072,2016-04-16,3414,2.26,0,0,2.26,0,0,2.45,21.55,1657,Saturday 
1844505072,2016-04-17,4525,2.99,0.14,0.26,2.59,0.03,0.13,3.32,20.52,1793,Sunday   
1844505072,2016-04-18,4597,3.04,0,0.48,2.56,0,0.2,3.62,20.18,1814,Monday   
1844505072,2016-04-19,197,0.13,0,0,0.13,0,0,0.17,23.83,1366,Tuesday  
1844505072,2016-04-21,8054,5.32,0.12,0.52,4.68,0.03,0.22,5.13,18.62,2062,Thursday 
1844505072,2016-04-22,5372,3.55,0,0,3.55,0,0,3.67,20.33,1827,Friday   
1844505072,2016-04-23,3570,2.36,0,0,2.36,0,0,2.32,21.68,1645,Saturday 
1844505072,2016-04-28,6907,4.57,0,0,4.56,0,0,5.03,18.97,1992,Thursday 
1844505072,2016-04-29,4920,3.25,0,0,3.25,0,0,4.12,18.03,1856,Friday   
1844505072,2016-04-30,4014,2.67,0,0,2.65,0,0,3.07,3.63,1763,Saturday 
1844505072,2016-05-01,2573,1.7,0,0.26,1.45,0,0.12,1.25,9.75,1541,Sunday   
1844505072,2016-05-03,4059,2.68,0,0,2.68,0,0,3.07,20.93,1742,Tuesday  
1844505072,2016-05-04,2080,1.37,0,0,1.37,0,0,1.45,22.55,1549,Wednesday
1844505072,2016-05-05,2237,1.48,0,0,1.48,0,0,2,22,1589,Thursday 
1927972279,2016-04-12,678,0.47,0,0,0.47,0,0,0.92,12.23,2220,Tuesday  
1927972279,2016-04-13,356,0.25,0,0,0.25,0,0,0.53,16.43,2151,Wednesday
1927972279,2016-04-14,2163,1.5,0,0.4,1.1,0,0.15,1.47,21.53,2383,Thursday 
1927972279,2016-04-15,980,0.68,0,0,0.68,0,0,0.85,15.68,2221,Friday   
1927972279,2016-04-18,244,0.17,0,0,0.17,0,0,0.28,23.72,2111,Monday   
1927972279,2016-04-22,149,0.1,0,0,0.1,0,0,0.17,23.83,2093,Friday   
1927972279,2016-04-23,2945,2.04,0,0,2.04,0,0,2.42,21.58,2499,Saturday 
1927972279,2016-04-24,2090,1.45,0.07,0.24,1.14,0.02,0.1,1.25,22.63,2324,Sunday   
1927972279,2016-04-25,152,0.11,0,0,0.11,0,0,0.2,21.72,2100,Monday   
1927972279,2016-04-26,3761,2.6,0,0,2.6,0,0,3.2,17.63,2638,Tuesday  
1927972279,2016-04-28,1675,1.16,0,0,1.16,0,0,1.58,19.45,2351,Thursday 
1927972279,2016-05-01,2704,1.87,1.01,0.03,0.83,0.23,0.02,1.17,22.58,2411,Sunday   
1927972279,2016-05-02,3790,2.62,1.16,0.3,1.16,0.27,0.13,1.57,22.03,2505,Monday   
1927972279,2016-05-03,1326,0.92,0.73,0,0.18,0.17,0,0.28,23.55,2195,Tuesday  
1927972279,2016-05-04,1786,1.24,0,0,1.24,0,0,1.45,22.55,2338,Wednesday
1927972279,2016-05-06,2091,1.45,0,0,1.45,0,0,1.8,22.2,2383,Friday   
1927972279,2016-05-07,1510,1.04,0,0,1.04,0,0,0.8,23.2,2229,Saturday 
2022484408,2016-04-12,11875,8.34,3.31,0.77,4.26,0.7,0.23,3.78,19.28,2390,Tuesday  
2022484408,2016-04-13,12024,8.5,2.99,0.1,5.41,0.72,0.08,4.87,18.33,2601,Wednesday
2022484408,2016-04-14,10690,7.5,2.48,0.21,4.82,0.53,0.05,4.28,19.13,2312,Thursday 
2022484408,2016-04-15,11034,8.03,1.94,0.31,5.78,0.45,0.15,4.7,18.7,2525,Friday   
2022484408,2016-04-16,10100,7.09,3.15,0.55,3.39,0.68,0.18,2.52,20.62,2177,Saturday 
2022484408,2016-04-17,15112,11.4,3.87,0.66,6.88,0.47,0.48,5.52,17.53,2782,Sunday   
2022484408,2016-04-18,14131,10.07,3.64,0.12,6.3,0.8,0.05,5.18,17.97,2770,Monday   
2022484408,2016-04-19,11548,8.53,3.29,0.24,5,0.52,0.12,4.17,19.2,2489,Tuesday  
2022484408,2016-04-20,15112,10.67,3.34,1.93,5.4,0.8,1.05,4.6,17.55,2897,Wednesday
2022484408,2016-04-21,12453,8.74,3.33,1.11,4.31,1.73,0.88,4.25,17.13,3158,Thursday 
2022484408,2016-04-22,12954,9.33,4.43,0.42,4.47,0.87,0.17,4.55,18.42,2638,Friday   
2022484408,2016-04-23,6001,4.21,0,0,4.21,0,0,4.15,19.85,2069,Saturday 
2022484408,2016-04-24,13481,10.28,4.55,1.15,4.58,0.62,0.43,3.6,19.35,2529,Sunday   
2022484408,2016-04-25,11369,8.01,3.33,0.22,4.46,0.73,0.13,3.62,19.52,2470,Monday   
2022484408,2016-04-26,10119,7.19,1.43,0.66,5.11,0.92,0.4,4.58,18.1,2793,Tuesday  
2022484408,2016-04-27,10159,7.13,1.04,0.97,5.12,0.32,0.33,4.7,18.65,2463,Wednesday
2022484408,2016-04-28,10140,7.12,0.41,1.33,5.39,0.1,0.33,4.85,18.72,2296,Thursday 
2022484408,2016-04-29,10245,7.19,0.48,1.21,5.5,0.35,0.67,4.68,18.3,2611,Friday   
2022484408,2016-04-30,18387,12.91,0.94,1.4,10.57,0.22,0.38,6.02,17.38,2732,Saturday 
2022484408,2016-05-01,10538,7.4,1.94,0.96,4.5,0.42,0.47,4.08,19.03,2380,Sunday   
2022484408,2016-05-02,10379,7.29,2.61,0.34,4.33,0.6,0.13,4.62,18.65,2473,Monday   
2022484408,2016-05-03,12183,8.74,3.99,0.46,4.28,1.2,0.23,4.17,18.4,2752,Tuesday  
2022484408,2016-05-04,11768,8.29,2.51,0.93,4.85,0.6,0.45,4.53,18.42,2649,Wednesday
2022484408,2016-05-05,11895,8.35,2.79,0.86,4.7,0.92,0.33,4.22,18.53,2609,Thursday 
2022484408,2016-05-06,10227,7.18,1.87,0.67,4.64,0.4,0.28,4.92,18.4,2498,Friday   
2022484408,2016-05-07,6708,4.71,1.61,0.08,3.02,0.33,0.03,2.48,21.15,1995,Saturday 
2022484408,2016-05-08,3292,2.31,0,0,2.31,0,0,2.25,21.75,1848,Sunday   
2022484408,2016-05-09,13379,9.39,2.12,1.63,5.64,0.58,0.78,4.95,17.68,2709,Monday   
2022484408,2016-05-10,12798,8.98,2.22,1.21,5.56,0.95,0.47,4.52,18.07,2797,Tuesday  
2022484408,2016-05-11,13272,9.32,4.18,1.15,3.99,0.97,0.42,3.73,18.88,2544,Wednesday
2022484408,2016-05-12,9117,6.41,1.28,0.67,4.44,0.27,0.27,3.93,12.13,1853,Thursday 
2026352035,2016-04-12,4414,2.74,0.19,0.35,2.2,0.05,0.13,3.02,11.77,1459,Tuesday  
2026352035,2016-04-13,4993,3.1,0,0,3.1,0,0,3.97,11.05,1521,Wednesday
2026352035,2016-04-14,3335,2.07,0,0,2.05,0,0,3.28,10.88,1431,Thursday 
2026352035,2016-04-15,3821,2.37,0,0,2.37,0,0,3.13,11.45,1444,Friday   
2026352035,2016-04-16,2547,1.58,0,0,1.58,0,0,2.5,12.13,1373,Saturday 
2026352035,2016-04-17,838,0.52,0,0,0.52,0,0,1,17.55,1214,Sunday   
2026352035,2016-04-18,3325,2.06,0,0,2.06,0,0,3.03,17.7,1419,Monday   
2026352035,2016-04-19,2424,1.5,0,0,1.5,0,0,2.35,13.08,1356,Tuesday  
2026352035,2016-04-20,7222,4.48,0,0,4.48,0,0,5.45,10.38,1667,Wednesday
2026352035,2016-04-21,2467,1.53,0,0,1.53,0,0,2.55,12.48,1370,Thursday 
2026352035,2016-04-22,2915,1.81,0,0,1.81,0,0,2.7,11.87,1399,Friday   
2026352035,2016-04-23,12357,7.71,0,0,7.71,0,0,7.2,7.63,1916,Saturday 
2026352035,2016-04-24,3490,2.16,0,0,2.16,0,0,2.73,11.73,1401,Sunday   
2026352035,2016-04-25,6017,3.73,0,0,3.73,0,0,4.33,13.68,1576,Monday   
2026352035,2016-04-26,5933,3.68,0,0,3.68,0,0,4.8,16.97,1595,Tuesday  
2026352035,2016-04-27,6088,3.77,0,0,3.77,0,0,4.77,9.77,1593,Wednesday
2026352035,2016-04-28,6375,3.95,0,0,3.95,0,0,5.52,10.43,1649,Thursday 
2026352035,2016-04-29,7604,4.71,0,0,4.71,0,0,5.87,8.2,1692,Friday   
2026352035,2016-04-30,4729,2.93,0,0,2.93,0,0,3.88,9.9,1506,Saturday 
2026352035,2016-05-01,3609,2.28,0,0,2.28,0,0,3.18,11.93,1447,Sunday   
2026352035,2016-05-02,7018,4.35,0,0,4.35,0,0,5.92,11.93,1690,Monday   
2026352035,2016-05-03,5992,3.72,0,0,3.72,0,0,5.07,16.35,1604,Tuesday  
2026352035,2016-05-04,6564,4.07,0,0,4.07,0,0,5.75,8.83,1658,Wednesday
2026352035,2016-05-05,12167,7.54,0,0,7.54,0,0,7.92,7.98,1926,Thursday 
2026352035,2016-05-06,8198,5.08,0,0,5.08,0,0,6.38,8.52,1736,Friday   
2026352035,2016-05-07,4193,2.6,0,0,2.6,0,0,3.82,11.08,1491,Saturday 
2026352035,2016-05-08,5528,3.45,0,0,3.45,0,0,4.3,10.17,1555,Sunday   
2026352035,2016-05-09,10685,6.62,0,0,6.6,0,0,6.68,9.05,1869,Monday   
2026352035,2016-05-10,254,0.16,0,0,0.16,0,0,0.28,16.7,1141,Tuesday  
2026352035,2016-05-11,8580,5.32,0,0,5.32,0,0,5.5,9.48,1698,Wednesday
2026352035,2016-05-12,8891,5.51,0,0,5.51,0,0,5.72,5.5,1364,Thursday 
2320127002,2016-04-12,10725,7.49,1.17,0.31,6.01,0.22,0.15,5.1,18.53,2124,Tuesday  
2320127002,2016-04-13,7275,4.9,0,0,4.9,0,0,5.58,18.42,2003,Wednesday
2320127002,2016-04-14,3973,2.68,0,0,2.68,0,0,3.18,20.82,1696,Thursday 
2320127002,2016-04-15,5205,3.51,0,0,3.51,0,0,4.08,19.92,1801,Friday   
2320127002,2016-04-16,5057,3.41,0,0,3.4,0,0,3.25,20.75,1724,Saturday 
2320127002,2016-04-17,6198,4.18,0,0,4.18,0,0,4.15,19.85,1852,Sunday   
2320127002,2016-04-18,6559,4.42,0,0.26,4.14,0,0.12,4.33,19.55,1905,Monday   
2320127002,2016-04-19,5997,4.04,0,0.38,3.66,0,0.18,3.8,20.02,1811,Tuesday  
2320127002,2016-04-20,7192,4.85,0,0.49,4.34,0,0.18,4.72,19.1,1922,Wednesday
2320127002,2016-04-21,3404,2.29,0.06,0.42,1.81,0.02,0.17,2.12,21.7,1610,Thursday 
2320127002,2016-04-22,5583,3.76,0,0,3.76,0,0,4.43,19.57,1851,Friday   
2320127002,2016-04-23,5079,3.42,0,0,3.42,0,0,4.03,18.82,1804,Saturday 
2320127002,2016-04-24,4165,2.81,0,0,2.8,0,0,3.4,20.6,1725,Sunday   
2320127002,2016-04-25,3588,2.42,0.23,0.2,1.99,0.05,0.08,2.53,21.33,1654,Monday   
2320127002,2016-04-26,3409,2.3,0,0,2.3,0,0,2.45,21.55,1632,Tuesday  
2320127002,2016-04-27,1715,1.16,0,0,1.16,0,0,1.37,22.63,1481,Wednesday
2320127002,2016-04-28,1532,1.03,0,0,1.03,0,0,1.27,22.73,1473,Thursday 
2320127002,2016-04-29,924,0.62,0,0,0.62,0,0,0.75,23.25,1410,Friday   
2320127002,2016-04-30,4571,3.08,0,0,3.07,0,0,3.9,20.1,1779,Saturday 
2320127002,2016-05-01,772,0.52,0,0,0.52,0,0,0.67,23.33,1403,Sunday   
2320127002,2016-05-02,3634,2.45,0.36,0.21,1.88,0.08,0.1,2.05,21.77,1613,Monday   
2320127002,2016-05-03,7443,5.02,1.49,0.37,3.16,0.33,0.17,3.43,20.07,1878,Tuesday  
2320127002,2016-05-04,1201,0.81,0,0,0.81,0,0,0.87,23.13,1426,Wednesday
2320127002,2016-05-05,5202,3.51,0,0.39,3.11,0,0.18,3.72,20.1,1780,Thursday 
2320127002,2016-05-06,4878,3.29,0,0,3.29,0,0,3.4,20.6,1742,Friday   
2320127002,2016-05-07,7379,4.97,0,0,4.97,0,0,5.32,18.68,1972,Saturday 
2320127002,2016-05-08,5161,3.48,0,0,3.47,0,0,4.12,19.88,1821,Sunday   
2320127002,2016-05-09,3090,2.08,0,0,2.08,0,0,2.42,21.58,1630,Monday   
2320127002,2016-05-10,6227,4.2,0,0,4.2,0,0,4.83,19.17,1899,Tuesday  
2320127002,2016-05-11,6424,4.33,0,0,4.33,0,0,5,19,1903,Wednesday
2320127002,2016-05-12,2661,1.79,0,0,1.79,0,0,2.13,13.83,1125,Thursday 
2347167796,2016-04-12,10113,6.83,2,0.62,4.2,0.47,0.22,5.33,16.07,2344,Tuesday  
2347167796,2016-04-13,10352,7.01,1.66,1.94,3.41,0.32,0.53,3.25,11.27,2038,Wednesday
2347167796,2016-04-14,10129,6.7,0.02,2.74,3.94,0.02,0.8,3.43,11.75,2010,Thursday 
2347167796,2016-04-15,10465,6.92,0.07,1.42,5.43,0.02,0.4,4.73,12,2133,Friday   
2347167796,2016-04-16,22244,15.08,5.45,4.1,5.53,1.1,1.2,4.47,16.13,2670,Saturday 
2347167796,2016-04-17,5472,3.62,0.08,0.28,3.26,0.02,0.12,4.15,8.47,1882,Sunday   
2347167796,2016-04-18,8247,5.45,0.79,0.86,3.79,0.18,0.27,3.43,11.3,1944,Monday   
2347167796,2016-04-19,6711,4.44,0,0,4.44,0,0.12,6.37,10.8,2346,Tuesday  
2347167796,2016-04-20,10999,7.27,0.68,1.81,4.78,0.18,0.72,4.48,16.85,2198,Wednesday
2347167796,2016-04-21,10080,6.75,1.85,1.53,3.38,0.38,0.43,3.47,12.68,2048,Thursday 
2347167796,2016-04-22,7804,5.16,0.56,1.68,2.92,0.15,0.45,3.43,13.02,1946,Friday   
2347167796,2016-04-23,16901,11.37,2.78,1.45,7.15,0.53,0.58,6,9.85,2629,Saturday 
2347167796,2016-04-24,9471,6.26,0,0,6.26,0,0,6,9.73,2187,Sunday   
2347167796,2016-04-25,9482,6.38,1.27,0.52,4.6,0.25,0.18,4.62,10.88,2095,Monday   
2347167796,2016-04-26,5980,3.95,0,0,3.95,0,0,3.78,12.2,1861,Tuesday  
2347167796,2016-04-27,11423,7.58,1.86,0.4,5.32,0.43,0.15,4.92,10.38,2194,Wednesday
2347167796,2016-04-28,5439,3.6,0,0,3.6,0,0,3.82,12.73,1854,Thursday 
2873212765,2016-04-12,8796,5.91,0.11,0.93,4.88,0.03,0.35,5.93,17.68,1982,Tuesday  
2873212765,2016-04-13,7618,5.12,0,0.22,4.88,0,0.13,6.73,17.13,2004,Wednesday
2873212765,2016-04-14,7910,5.32,0,0,5.32,0,0,5.52,18.48,1893,Thursday 
2873212765,2016-04-15,8482,5.7,0,0,5.69,0,0,7.47,16.53,2063,Friday   
2873212765,2016-04-16,9685,6.65,3.11,0.02,3.51,0.78,0.02,5.08,18.12,2148,Saturday 
2873212765,2016-04-17,2524,1.7,0,0.35,1.34,0,0.13,2.67,21.2,1529,Sunday   
2873212765,2016-04-18,7762,5.24,0.07,0.28,4.89,0.02,0.1,5.18,18.7,1890,Monday   
2873212765,2016-04-19,7948,5.37,0,0,5.36,0,0,6.48,17.52,1956,Tuesday  
2873212765,2016-04-20,9202,6.3,1.51,0.12,4.66,0.37,0.08,6.3,17.25,2094,Wednesday
2873212765,2016-04-21,8859,5.98,0.13,0.37,5.47,0.03,0.17,6.18,17.62,1970,Thursday 
2873212765,2016-04-22,7286,4.9,0.46,0,4.42,0.77,0,6.1,17.13,2241,Friday   
2873212765,2016-04-23,9317,6.35,2.09,0.23,4.02,0.47,0.08,5.5,17.95,2021,Saturday 
2873212765,2016-04-24,6873,4.68,3,0.06,1.62,0.77,0.02,3.17,20.05,1898,Sunday   
2873212765,2016-04-25,7373,4.95,0,0,4.95,0,0,5.98,18.02,1907,Monday   
2873212765,2016-04-26,8242,5.54,0.12,0.18,5.24,0.03,0.08,5.15,18.73,1882,Tuesday  
2873212765,2016-04-27,3516,2.36,0,0,2.36,0.77,0,3.28,19.95,1966,Wednesday
2873212765,2016-04-28,7913,5.41,2.16,0.34,2.91,0.47,0.12,3.55,19.87,1835,Thursday 
2873212765,2016-04-29,7365,4.95,1.36,1.41,2.18,0.33,0.38,3.43,19.85,1780,Friday   
2873212765,2016-04-30,8452,5.68,0.33,1.08,4.26,0.08,0.33,4.13,19.45,1830,Saturday 
2873212765,2016-05-01,7399,4.97,0.49,1.04,3.44,0.12,0.3,3.27,20.32,1739,Sunday   
2873212765,2016-05-02,7525,5.06,0,0.21,4.83,0,0.12,5.57,18.32,1878,Monday   
2873212765,2016-05-03,7412,4.98,0.06,0.25,4.66,0.02,0.1,6.05,17.83,1906,Tuesday  
2873212765,2016-05-04,8278,5.56,0,0,5.56,0,0,7,17,2015,Wednesday
2873212765,2016-05-05,8314,5.61,0.78,0.8,4.03,0.22,0.38,5.18,18.22,1971,Thursday 
2873212765,2016-05-06,7063,4.75,0,0.12,4.61,0,0.08,6.17,17.75,1910,Friday   
2873212765,2016-05-07,4940,3.38,2.28,0.55,0.55,1.25,0.18,0.87,21.7,1897,Saturday 
2873212765,2016-05-08,8168,5.54,2.9,0,2.64,0.77,0,5.43,17.8,2096,Sunday   
2873212765,2016-05-09,7726,5.19,0,0,5.19,0,0,5.75,18.25,1906,Monday   
2873212765,2016-05-10,8275,5.56,0,0,5.55,0,0,6.22,17.78,1962,Tuesday  
2873212765,2016-05-11,6440,4.33,0,0,4.32,0,0,5.32,18.68,1826,Wednesday
2873212765,2016-05-12,7566,5.11,0,0,5.11,0,0,4.47,12,1431,Thursday 
3372868164,2016-04-12,4747,3.24,0,0,3.23,0,0,4.67,19.33,1788,Tuesday  
3372868164,2016-04-13,9715,6.63,0.99,0.34,5.27,0.27,0.13,6.18,17.42,2093,Wednesday
3372868164,2016-04-14,8844,6.03,0.34,1.03,4.65,0.1,0.42,6.17,17.32,2065,Thursday 
3372868164,2016-04-15,7451,5.08,0,0,5.06,0,0,5.58,18.42,1908,Friday   
3372868164,2016-04-16,6905,4.73,0,0,4.7,0,0,5.93,18.07,1908,Saturday 
3372868164,2016-04-17,8199,5.88,1.41,0.1,4.36,0.18,0.03,5.37,18.42,1964,Sunday   
3372868164,2016-04-18,6798,4.64,1.08,0.2,3.35,0.33,0.12,5.72,17.83,2014,Monday   
3372868164,2016-04-19,7711,5.26,0,0,5.24,0,0,6.27,17.73,1985,Tuesday  
3372868164,2016-04-20,4880,3.33,0.84,0.09,2.38,0.25,0.05,4.57,19.13,1867,Wednesday
3372868164,2016-04-21,8857,6.07,1.15,0.26,4.64,0.3,0.15,6.27,17.28,2124,Thursday 
3372868164,2016-04-22,3843,2.62,0,0,2.61,0,0,3.43,20.57,1669,Friday   
3372868164,2016-04-23,7396,5.07,1.4,0.08,3.58,0.33,0.03,5.05,18.58,1995,Saturday 
3372868164,2016-04-24,6731,4.59,0.89,0.19,3.49,0.23,0.12,4.87,18.78,1921,Sunday   
3372868164,2016-04-25,5995,4.09,0,0,4.09,0,0,6.93,17.07,2010,Monday   
3372868164,2016-04-26,8283,5.79,1.85,0.05,3.87,0.37,0.03,5.55,18.05,2057,Tuesday  
3372868164,2016-04-27,7904,5.42,1.58,0.63,3.19,0.4,0.22,5.77,17.62,2095,Wednesday
3372868164,2016-04-28,5512,3.76,0,0,3.76,0,0,6.42,17.58,1972,Thursday 
3372868164,2016-04-29,9135,6.23,0,0,6.22,0,0,6.7,17.3,2044,Friday   
3372868164,2016-04-30,5250,3.58,1.06,0.09,2.42,0.28,0.07,5,18.65,1946,Saturday 
3372868164,2016-05-01,3077,2.1,0,0,2.09,0,0,2.87,14.03,1237,Sunday   
3977333714,2016-04-12,8856,5.98,3.06,0.91,2.01,0.73,0.32,2.18,12.95,1450,Tuesday  
3977333714,2016-04-13,10035,6.71,2.03,2.13,2.55,0.52,0.77,2.55,12.57,1495,Wednesday
3977333714,2016-04-14,7641,5.11,0.32,0.97,3.82,0.08,0.38,3.57,13.35,1433,Thursday 
3977333714,2016-04-15,9010,6.06,1.05,1.75,3.26,0.25,0.7,3.05,10.73,1468,Friday   
3977333714,2016-04-16,13459,9,2.03,4,2.97,0.52,1.38,2.55,11.05,1625,Saturday 
3977333714,2016-04-17,10415,6.97,0.7,2.35,3.92,0.18,0.97,3.42,10,1529,Sunday   
3977333714,2016-04-18,11663,7.8,0.25,3.73,3.82,0.07,1.58,3.57,10.08,1584,Monday   
3977333714,2016-04-19,12414,8.78,2.24,2.45,3.96,0.32,1.12,3.68,12.3,1638,Tuesday  
3977333714,2016-04-20,11658,7.83,0.2,4.35,3.28,0.03,1.63,2.73,14.08,1554,Wednesday
3977333714,2016-04-21,6093,4.08,0,0,4.06,0,0,4.03,11.87,1397,Thursday 
3977333714,2016-04-22,8911,5.96,2.33,0.58,3.06,0.55,0.2,3.13,12.18,1481,Friday   
3977333714,2016-04-23,12058,8.07,0,4.22,3.85,0,1.53,4.2,12.07,1638,Saturday 
3977333714,2016-04-24,14112,10,3.27,4.56,2.17,0.5,1.58,2.15,11,1655,Sunday   
3977333714,2016-04-25,11177,8.48,5.62,0.43,2.41,0.83,0.15,2.22,13.02,1570,Monday   
3977333714,2016-04-26,11388,7.62,0.45,4.22,2.95,0.12,1.58,2.83,13.28,1551,Tuesday  
3977333714,2016-04-27,7193,5.04,0,0.42,4.62,0,0.17,2.93,11.9,1377,Wednesday
3977333714,2016-04-28,7114,4.88,1.37,0.29,3.22,0.25,0.13,3.17,13.4,1407,Thursday 
3977333714,2016-04-29,10645,7.75,3.74,1.3,2.71,0.6,0.53,2.5,12.4,1545,Friday   
3977333714,2016-04-30,13238,9.2,3.69,2.1,3.41,0.72,0.87,3.23,11.45,1650,Saturday 
3977333714,2016-05-01,10414,7.07,2.67,1.98,2.41,0.68,0.67,2.07,11.52,1501,Sunday   
3977333714,2016-05-02,16520,11.05,1.54,6.48,3.02,0.4,2.38,2.93,11.88,1760,Monday   
3977333714,2016-05-03,14335,9.59,3.32,1.74,4.53,0.78,0.68,4.3,9.9,1710,Tuesday  
3977333714,2016-05-04,13559,9.44,1.81,4.58,2.89,0.23,1.6,2.37,14.2,1628,Wednesday
3977333714,2016-05-05,12312,8.58,1.76,4.11,2.71,0.23,1.47,2.97,11.33,1618,Thursday 
3977333714,2016-05-06,11677,8.28,3.11,2.51,2.67,0.48,0.92,2.8,11.27,1590,Friday   
3977333714,2016-05-07,11550,7.73,0,4.13,3.59,0,1.43,3.47,11.72,1574,Saturday 
3977333714,2016-05-08,13585,9.09,0.68,5.24,3.17,0.15,1.93,2.85,11.47,1633,Sunday   
3977333714,2016-05-09,14687,10.08,0.77,5.6,3.55,0.13,2.03,2.52,19.32,1667,Monday   
3977333714,2016-05-10,13072,8.78,0.07,5.4,3.31,0.02,1.92,3.27,11.27,1630,Tuesday  
4020332650,2016-04-12,8539,6.12,0.15,0.24,5.68,0.07,0.25,5.52,11.87,3654,Tuesday  
4020332650,2016-04-14,108,0.08,0,0,0.03,0,0,0.05,23.95,2011,Thursday 
4020332650,2016-04-15,1882,1.35,0.21,0.36,0.77,0.6,0.3,1.45,21.65,2951,Friday   
4020332650,2016-04-16,1982,1.42,0.45,0.37,0.59,1.08,0.35,0.92,20.37,3051,Saturday 
4020332650,2016-05-02,475,0.34,0,0.04,0.29,0,0.18,0.52,22.5,2207,Monday   
4020332650,2016-05-03,4496,3.22,0,0,3.15,0,0,2.9,15.83,2828,Tuesday  
4020332650,2016-05-04,10252,7.35,0.67,1.04,5.58,0.22,0.77,5.77,8.85,3879,Wednesday
4020332650,2016-05-05,11728,8.43,2.62,1.68,4.04,0.63,0.7,3.27,15.27,3429,Thursday 
4020332650,2016-05-06,4369,3.13,0,0,3.1,0,0,2.95,14.25,2704,Friday   
4020332650,2016-05-07,6132,4.4,0,0,3.58,0,0,3.07,20.93,2975,Saturday 
4020332650,2016-05-08,5862,4.2,0,0,4.15,0,0,4.38,12.92,3089,Sunday   
4020332650,2016-05-09,4556,3.27,0.2,0.12,2.94,0.05,0.08,2.88,20.42,2785,Monday   
4020332650,2016-05-10,5546,3.98,0,0,3.87,0,0,3.43,12.9,2926,Tuesday  
4020332650,2016-05-11,3689,2.65,0.11,0.17,2.33,0.03,0.13,2.23,21.6,2645,Wednesday
4020332650,2016-05-12,590,0.42,0,0,0.41,0,0,0.35,12.02,1120,Thursday 
4057192912,2016-04-12,5394,4.03,0,0,3.94,0,0,2.73,21.27,2286,Tuesday  
4057192912,2016-04-13,5974,4.47,0,0,4.37,0,0,2.67,21.33,2306,Wednesday
4057192912,2016-04-15,3984,2.95,0.21,0.26,2.44,0.05,0.1,1.47,14.55,1527,Friday   
4319703577,2016-04-13,8204,5.5,0.53,0.59,1.31,0.13,0.25,1.6,20.57,2135,Wednesday
4319703577,2016-04-14,10210,6.88,0.11,0.33,6.44,0.02,0.15,5.65,9.82,2302,Thursday 
4319703577,2016-04-15,5664,3.8,0,0,3.8,0,0,3.8,12.53,1985,Friday   
4319703577,2016-04-16,4744,3.18,0,0,3.18,0,0,3.23,12.07,1884,Saturday 
4319703577,2016-04-18,2276,1.55,0.07,0.33,1.12,0.02,0.15,0.97,13.73,1632,Monday   
4319703577,2016-04-19,8925,5.99,0,0,5.99,0,0,5.18,10.07,2200,Tuesday  
4319703577,2016-04-20,8954,6.01,0,0.68,5.31,0,0.3,5.1,11.18,2220,Wednesday
4319703577,2016-04-21,3702,2.48,0,0,0.35,0,0,0.57,21.08,1792,Thursday 
4319703577,2016-04-22,4500,3.02,0.06,0.81,2.15,0.02,0.32,2.93,11.82,1886,Friday   
4319703577,2016-04-23,4935,3.31,0,0,3.31,0,0,3.88,9.1,1945,Saturday 
4319703577,2016-04-24,4081,2.74,0.06,0.2,2.47,0.02,0.08,3.18,11.53,1880,Sunday   
4319703577,2016-04-25,9259,6.21,0,0.28,5.93,0,0.13,6.5,9.07,2314,Monday   
4319703577,2016-04-26,9899,6.64,0.57,0.92,5.15,0.13,0.35,4.8,10.82,2236,Tuesday  
4319703577,2016-04-27,10780,7.23,0.41,1.92,4.91,0.1,0.78,5,11.33,2324,Wednesday
4319703577,2016-04-28,10817,7.28,1.01,0.33,5.94,0.22,0.13,5.98,9.2,2367,Thursday 
4319703577,2016-04-29,7990,5.36,0.45,0.79,4.12,0.1,0.3,4.82,10.4,2175,Friday   
4319703577,2016-04-30,8221,5.52,0.4,1.61,3.51,0.1,0.63,3.27,11.58,2092,Saturday 
4319703577,2016-05-01,1251,0.84,0,0,0.84,0,0,1.12,13.93,1593,Sunday   
4319703577,2016-05-02,9261,6.24,0,0.44,5.71,0,0.18,5.73,9.75,2270,Monday   
4319703577,2016-05-03,9648,6.47,0.58,1.07,4.83,0.13,0.43,4.78,11.15,2235,Tuesday  
4319703577,2016-05-04,10429,7.02,0.59,0.58,5.85,0.13,0.22,5.22,18.43,2282,Wednesday
4319703577,2016-05-05,13658,9.49,2.63,1.41,5.45,0.45,0.57,5.47,15.95,2530,Thursday 
4319703577,2016-05-06,9524,6.42,0.41,0.47,5.46,0.1,0.18,5.23,11.53,2266,Friday   
4319703577,2016-05-07,7937,5.33,0.19,1.05,4.08,0.05,0.47,4.65,9.77,2158,Saturday 
4319703577,2016-05-08,3672,2.46,0,0,2.46,0,0,2.55,10.05,1792,Sunday   
4319703577,2016-05-09,10378,6.96,0.14,0.56,6.25,0.03,0.23,6.23,8.17,2345,Monday   
4319703577,2016-05-10,9487,6.37,0.21,0.46,5.7,0.05,0.2,5.48,9.25,2260,Tuesday  
4319703577,2016-05-11,9129,6.13,0.2,0.74,5.18,0.05,0.3,5.18,9.57,2232,Wednesday
4388161847,2016-04-13,10993,8.45,0.06,0.63,3.88,0.02,0.23,2.5,21.25,3092,Wednesday
4388161847,2016-04-14,8863,6.82,0.13,1.07,5.62,0.17,0.58,3.65,15.75,2998,Thursday 
4388161847,2016-04-15,8758,6.73,0,0,6.73,0,0,4.98,13.95,3066,Friday   
4388161847,2016-04-16,6580,5.06,0.21,0.4,4.45,0.1,0.15,4.22,10.15,3073,Saturday 
4388161847,2016-04-17,4660,3.58,0,0,3.58,0,0,3.35,12.02,2572,Sunday   
4388161847,2016-04-18,11009,9.1,3.56,0.4,5.14,0.45,0.13,3.98,16.95,3274,Monday   
4388161847,2016-04-19,10181,7.83,1.37,0.69,5.77,0.33,0.27,4.15,11.73,3015,Tuesday  
4388161847,2016-04-20,10553,8.12,1.1,1.72,5.29,0.32,0.7,3.8,11.6,3083,Wednesday
4388161847,2016-04-21,10055,7.73,0.37,0.39,6.98,0.12,0.2,4.53,14.22,3069,Thursday 
4388161847,2016-04-22,12139,9.34,3.3,1.11,4.92,1.28,0.42,3.67,15.75,3544,Friday   
4388161847,2016-04-23,13236,10.18,4.5,0.32,5.35,0.97,0.08,3.58,12.48,3306,Saturday 
4388161847,2016-04-24,10243,7.88,1.08,0.51,6.3,0.23,0.13,3.98,9.73,2885,Sunday   
4388161847,2016-04-25,12961,9.97,0.73,1.4,7.84,0.18,0.52,5.02,17.57,3288,Monday   
4388161847,2016-04-26,9461,7.28,0.94,1.06,5.27,0.23,0.38,3.73,11.22,2929,Tuesday  
4388161847,2016-04-27,11193,8.61,0.7,2.51,5.39,0.18,0.8,4.02,11.4,3074,Wednesday
4388161847,2016-04-28,10074,7.75,1.29,0.43,6.03,0.32,0.15,3.9,14.63,2969,Thursday 
4388161847,2016-04-29,9232,7.1,0.8,0.89,5.42,0.22,0.27,3.93,19.58,2979,Friday   
4388161847,2016-04-30,12533,9.64,0.7,2,6.94,0.23,0.72,5,8.95,3283,Saturday 
4388161847,2016-05-01,10255,7.89,1.01,0.68,6.2,0.2,0.25,4.02,9.65,2926,Sunday   
4388161847,2016-05-02,10096,8.4,3.77,0.08,4.55,0.55,0.07,3.4,15.58,3147,Monday   
4388161847,2016-05-03,12727,9.79,1.13,0.78,7.88,0.3,0.3,5.1,16.4,3290,Tuesday  
4388161847,2016-05-04,12375,9.52,2.79,0.93,5.8,0.58,0.35,4.18,10.53,3162,Wednesday
4388161847,2016-05-05,9603,7.38,0.63,1.67,5.09,0.2,0.65,3.32,14.93,2899,Thursday 
4388161847,2016-05-06,13175,10.13,2.11,2.09,5.93,0.55,0.75,4.37,18.33,3425,Friday   
4388161847,2016-05-07,22770,17.54,9.45,2.77,5.33,2,0.93,4.33,8.47,4022,Saturday 
4388161847,2016-05-08,17298,14.38,9.89,1.26,3.23,1.78,0.63,2.97,9.6,3934,Sunday   
4388161847,2016-05-09,10218,7.86,0.34,0.73,6.79,0.1,0.32,4.3,17,3013,Monday   
4388161847,2016-05-10,10299,7.92,0.81,0.65,6.46,0.22,0.23,4.45,10.8,3061,Tuesday  
4388161847,2016-05-11,10201,7.84,0.53,0.79,6.53,0.13,0.3,4.27,14.3,2954,Wednesday
4388161847,2016-05-12,3369,2.59,0,0,2.59,0,0,1.8,13.75,1623,Thursday 
4445114986,2016-04-12,3276,2.2,0,0,2.2,0,0,3.27,13.12,2113,Tuesday  
4445114986,2016-04-13,2961,1.99,0,0,1.99,0,0,3.23,14,2095,Wednesday
4445114986,2016-04-14,3974,2.67,0,0,2.67,0,0,3.85,11.95,2194,Thursday 
4445114986,2016-04-15,7198,4.83,0,0,4.83,0,0,5.83,11.85,2496,Friday   
4445114986,2016-04-16,3945,2.65,0,0,2.65,0,0,3.75,11.93,2180,Saturday 
4445114986,2016-04-17,2268,1.52,0,0,1.52,0,0,1.9,20.32,1933,Sunday   
4445114986,2016-04-18,6155,4.24,2,0.29,1.95,0.42,0.1,2.7,20.78,2248,Monday   
4445114986,2016-04-19,2064,1.39,0,0,1.39,0,0,2.02,14.92,1954,Tuesday  
4445114986,2016-04-20,2072,1.39,0,0,1.39,0,0,2.28,14.02,1974,Wednesday
4445114986,2016-04-21,3809,2.56,0,0,2.54,0,0,3.58,12.6,2150,Thursday 
4445114986,2016-04-22,6831,4.58,0,0,4.58,0,0,5.28,11.77,2432,Friday   
4445114986,2016-04-23,4363,2.93,0,0,2.93,0,0,3.35,20.65,2149,Saturday 
4445114986,2016-04-24,5002,3.36,0,0,3.36,0,0,4.07,19.93,2247,Sunday   
4445114986,2016-04-25,3385,2.27,0,0,2.27,0,0,2.98,15.27,2070,Monday   
4445114986,2016-04-26,6326,4.41,2.41,0.04,1.96,0.48,0.02,3,13.98,2291,Tuesday  
4445114986,2016-04-27,7243,5.03,2.62,0.03,2.38,0.53,0.02,3.23,13.98,2361,Wednesday
4445114986,2016-04-28,4493,3.01,0,0,3.01,0,0,3.93,12.7,2203,Thursday 
4445114986,2016-04-29,4676,3.14,0,0,3.13,0,0,3.77,18.43,2196,Friday   
4445114986,2016-04-30,6222,4.18,0,0,4.18,0,0,4.83,13.28,2363,Saturday 
4445114986,2016-05-01,5232,3.51,0,0,3.51,0,0,4,12.35,2246,Sunday   
4445114986,2016-05-02,6910,4.75,2.21,0.19,2.35,0.45,0.07,3.33,11.12,2336,Monday   
4445114986,2016-05-03,7502,5.18,2.48,0.11,2.58,0.5,0.03,3.88,12.08,2421,Tuesday  
4445114986,2016-05-04,2923,1.96,0,0,1.96,0,0,3,14.95,2070,Wednesday
4445114986,2016-05-05,3800,2.55,0.12,0.24,2.18,0.03,0.1,3.08,12.23,2120,Thursday 
4445114986,2016-05-06,4514,3.03,0,0,3.03,0,0,3.82,13.48,2211,Friday   
4445114986,2016-05-07,5183,3.59,2.13,0.19,1.25,0.43,0.07,1.8,14.43,2123,Saturday 
4445114986,2016-05-08,7303,4.9,0,0.25,4.65,0,0.13,5.13,12.22,2423,Sunday   
4445114986,2016-05-09,5275,3.54,0,0,3.54,0,0,4.43,10.68,2281,Monday   
4445114986,2016-05-10,3915,2.63,0,0,2.63,0,0,3.85,13.05,2181,Tuesday  
4445114986,2016-05-11,9105,6.11,2.25,1,2.86,0.57,0.37,3.87,10.37,2499,Wednesday
4445114986,2016-05-12,768,0.52,0,0,0.52,0,0,0.97,6.33,1212,Thursday 
4558609924,2016-04-12,5135,3.39,0,0,3.39,0,0,5.3,18.7,1909,Tuesday  
4558609924,2016-04-13,4978,3.29,1.24,0.44,1.61,0.32,0.12,2.12,21.45,1722,Wednesday
4558609924,2016-04-14,6799,4.49,0,0,4.49,0,0,4.65,19.35,1922,Thursday 
4558609924,2016-04-15,7795,5.15,0.59,0.84,3.73,0.28,0.5,4.37,18.85,2121,Friday   
4558609924,2016-04-16,7289,4.82,0.55,0.75,3.5,0.13,0.2,5.13,18.53,1997,Saturday 
4558609924,2016-04-17,9634,6.4,0.55,1.14,4.71,0.12,0.32,5.07,18.5,2117,Sunday   
4558609924,2016-04-18,8940,5.91,0.98,0.93,4,0.23,0.25,5.52,18,2116,Monday   
4558609924,2016-04-19,5401,3.57,0.05,0.36,3.16,0.02,0.15,4.13,19.7,1876,Tuesday  
4558609924,2016-04-20,4803,3.17,0,0,3.17,0,0,3.7,20.3,1788,Wednesday
4558609924,2016-04-21,13743,9.08,0.42,0.97,7.7,0.1,0.35,7.2,14.07,2486,Thursday 
4558609924,2016-04-22,9601,6.35,1.37,1.5,3.47,0.33,0.42,4.55,18.7,2094,Friday   
4558609924,2016-04-23,6890,4.55,0.34,0.2,4.01,0.08,0.08,5.13,18.7,2085,Saturday 
4558609924,2016-04-24,8563,5.66,0,0,5.65,0,0,6.58,17.42,2173,Sunday   
4558609924,2016-04-25,8095,5.35,0.59,0.25,4.51,0.3,0.17,5.67,16.55,2225,Monday   
4558609924,2016-04-26,9148,6.05,0.43,2.03,3.59,0.2,0.68,4.72,17.7,2223,Tuesday  
4558609924,2016-04-27,9557,6.32,1.96,0.89,3.46,0.45,0.23,5.2,18.12,2098,Wednesday
4558609924,2016-04-28,9451,6.25,0.02,0.27,5.95,0.02,0.18,6.12,16.42,2185,Thursday 
4558609924,2016-04-29,7833,5.18,1.02,1.85,2.31,0.25,0.48,3.28,18.27,1918,Friday   
4558609924,2016-04-30,10319,6.82,0.47,1.89,4.46,0.12,0.48,4.88,18.52,2105,Saturday 
4558609924,2016-05-01,3428,2.27,0,0,2.27,0,0,3.17,18.68,1692,Sunday   
4558609924,2016-05-02,7891,5.22,0,0,5.22,0,0,6.38,17.62,2066,Monday   
4558609924,2016-05-03,5267,3.48,0.6,0.28,2.6,0.35,0.17,3.95,19.53,1953,Tuesday  
4558609924,2016-05-04,5232,3.46,0,0,3.46,0,0,4.2,19.8,1842,Wednesday
4558609924,2016-05-05,10611,7.01,1.01,0.5,5.51,0.23,0.13,6.17,17.47,2262,Thursday 
4558609924,2016-05-06,3755,2.48,0,0,2.48,0,0,3.37,20.63,1722,Friday   
4558609924,2016-05-07,8237,5.44,1.61,1,2.83,0.38,0.27,3.88,18.6,1973,Saturday 
4558609924,2016-05-08,6543,4.33,1.8,0.5,2.02,1.1,0.58,3.97,16.98,2666,Sunday   
4558609924,2016-05-09,11451,7.57,0.43,1.62,5.52,0.1,0.5,5.65,17.75,2223,Monday   
4558609924,2016-05-10,6435,4.25,0.74,1.12,2.39,0.18,0.3,3.67,19.85,1889,Tuesday  
4558609924,2016-05-11,9108,6.02,0.26,1.82,3.94,0.07,0.52,5.4,18.02,2131,Wednesday
4558609924,2016-05-12,6307,4.17,0,0,4.17,0,0,4.12,12.27,1452,Thursday 
4702921684,2016-04-12,7213,5.88,0,0,5.85,0,0,4.38,11.97,2947,Tuesday  
4702921684,2016-04-13,6877,5.58,0,0,5.58,0,0,4.3,12.95,2898,Wednesday
4702921684,2016-04-14,7860,6.37,0,0,6.37,0,0,4.52,12.87,2984,Thursday 
4702921684,2016-04-15,6506,5.28,0.07,0.42,4.79,0.02,0.13,4.27,15.73,2896,Friday   
4702921684,2016-04-16,11140,9.03,0.24,1.25,7.54,0.05,0.4,5.58,9.27,3328,Saturday 
4702921684,2016-04-17,12692,10.29,0.96,3.46,5.88,0.2,1.1,5.03,7.28,3394,Sunday   
4702921684,2016-04-18,9105,7.38,1.82,1.49,4.07,0.37,0.5,3.18,14.83,3013,Monday   
4702921684,2016-04-19,6708,5.44,0.88,0.37,4.19,0.17,0.13,2.98,12.62,2812,Tuesday  
4702921684,2016-04-20,8793,7.13,0.16,1.23,5.73,0.03,0.48,4.33,11.95,3061,Wednesday
4702921684,2016-04-21,6530,5.3,0.31,2.05,2.94,0.07,0.68,2.4,15.02,2729,Thursday 
4702921684,2016-04-22,1664,1.35,0,0,1.35,0,0,1.2,22.35,2241,Friday   
4702921684,2016-04-23,15126,12.27,0.76,3.24,8.27,0.15,1.1,6.8,7.82,3691,Saturday 
4702921684,2016-04-24,15050,12.22,1.2,5.12,5.88,0.25,1.58,4.68,9.03,3538,Sunday   
4702921684,2016-04-25,9167,7.43,0.49,0.82,6.11,0.1,0.25,4.5,12.17,3064,Monday   
4702921684,2016-04-26,6108,4.95,0.07,0.35,4.54,0.02,0.13,3.6,12.75,2784,Tuesday  
4702921684,2016-04-27,7047,5.72,0.09,0.8,4.78,0.02,0.27,3.97,12.22,2908,Wednesday
4702921684,2016-04-28,9023,7.32,1.13,0.42,5.77,0.23,0.15,3.87,12.3,3033,Thursday 
4702921684,2016-04-29,9930,8.05,1.06,0.92,6.07,0.2,0.32,4.45,11.53,3165,Friday   
4702921684,2016-04-30,10144,8.23,0.32,2.03,5.88,0.07,0.6,4.38,12.13,3115,Saturday 
4702921684,2016-05-02,7245,5.92,0.38,1.74,3.76,0.08,0.67,3.25,18.85,2859,Monday   
4702921684,2016-05-03,9454,7.67,0,0,7.67,0,0,5.22,12.15,3145,Tuesday  
4702921684,2016-05-04,8161,6.62,0.34,0.73,5.54,0.07,0.25,4.18,12.62,3004,Wednesday
4702921684,2016-05-05,8614,6.99,0.67,0.22,6.09,0.13,0.08,4.02,12.42,3006,Thursday 
4702921684,2016-05-06,6943,5.63,0.08,0.66,4.87,0.02,0.27,3.45,11.37,2859,Friday   
4702921684,2016-05-07,14370,11.65,0.37,2.31,8.97,0.08,0.77,7.32,9.62,3683,Saturday 
4702921684,2016-05-08,12857,10.43,0.68,6.21,3.54,0.15,2.08,3.2,16.98,3287,Sunday   
4702921684,2016-05-09,8232,6.68,0,0.57,6.1,0,0.2,4.22,12.43,2990,Monday   
4702921684,2016-05-10,10613,8.61,0.08,1.88,6.65,0.02,0.62,4.37,11.68,3172,Tuesday  
4702921684,2016-05-11,9810,7.96,0.78,2.16,4.98,0.17,0.68,3.92,13.07,3069,Wednesday
4702921684,2016-05-12,2752,2.23,0,0,2.23,0,0,1.13,4.02,1240,Thursday 
5553957443,2016-04-12,11596,7.57,1.37,0.79,5.41,0.32,0.22,4.62,12.78,2026,Tuesday  
5553957443,2016-04-13,4832,3.16,0,0,3.16,0,0,3.77,10.78,1718,Wednesday
5553957443,2016-04-14,17022,11.12,4,2.45,4.67,1.02,0.68,4.27,11.55,2324,Thursday 
5553957443,2016-04-15,16556,10.86,4.16,1.98,4.71,0.97,0.63,3.98,11.48,2254,Friday   
5553957443,2016-04-16,5771,3.77,0,0,3.77,0,0,4.8,8.68,1831,Saturday 
5553957443,2016-04-17,655,0.43,0,0,0.43,0,0,0.77,15.72,1397,Sunday   
5553957443,2016-04-18,3727,2.43,0,0,2.43,0,0,3.43,10.37,1683,Monday   
5553957443,2016-04-19,15482,10.11,4.28,1.66,4.18,1.15,0.47,4.15,12.6,2284,Tuesday  
5553957443,2016-04-20,2713,1.77,0,0,1.77,0,0,2.47,9.97,1570,Wednesday
5553957443,2016-04-21,12346,8.06,2.95,2.16,2.96,0.78,0.7,2.95,13.35,2066,Thursday 
5553957443,2016-04-22,11682,7.63,1.38,0.63,5.6,0.42,0.27,4.5,13.02,2105,Friday   
5553957443,2016-04-23,4112,2.69,0,0,2.68,0,0,4.53,7.38,1776,Saturday 
5553957443,2016-04-24,1807,1.18,0,0,1.18,0,0,1.73,9.7,1507,Sunday   
5553957443,2016-04-25,10946,7.19,2.93,0.57,3.69,0.85,0.18,3.35,12.2,2033,Monday   
5553957443,2016-04-26,11886,7.76,2.37,0.93,4.46,0.67,0.3,3.97,12.5,2093,Tuesday  
5553957443,2016-04-27,10538,6.88,1.14,1,4.74,0.27,0.27,3.43,12.42,1922,Wednesday
5553957443,2016-04-28,11393,7.63,3.71,0.75,3.17,0.82,0.22,2.75,12.12,1999,Thursday 
5553957443,2016-04-29,12764,8.33,2.79,0.64,4.91,0.77,0.25,4.5,11.82,2169,Friday   
5553957443,2016-04-30,1202,0.78,0,0,0.78,0,0,1.4,8.43,1463,Saturday 
5553957443,2016-05-01,5164,3.37,0,0,3.37,0,0,3.95,7.27,1747,Sunday   
5553957443,2016-05-02,9769,6.38,1.06,0.41,4.9,0.38,0.15,3.78,12.07,1996,Monday   
5553957443,2016-05-03,12848,8.39,1.5,1.2,5.68,0.43,0.48,4.12,13.53,2116,Tuesday  
5553957443,2016-05-04,4249,2.77,0,0,2.77,0,0,3.73,10.85,1698,Wednesday
5553957443,2016-05-05,14331,9.51,3.43,1.66,4.43,0.73,0.48,4.02,11.53,2156,Thursday 
5553957443,2016-05-06,9632,6.29,1.52,0.54,4.23,0.35,0.15,3.82,12.68,1916,Friday   
5553957443,2016-05-07,1868,1.22,0,0,1.22,0,0,1.6,15.03,1494,Saturday 
5553957443,2016-05-08,6083,4,0.22,0.47,3.3,0.05,0.13,3.5,8.42,1762,Sunday   
5553957443,2016-05-09,11611,7.58,2.13,0.89,4.56,0.98,0.37,4.18,11.12,2272,Monday   
5553957443,2016-05-10,16358,10.71,3.87,1.61,5.2,1.02,0.67,4.42,11.78,2335,Tuesday  
5553957443,2016-05-11,4926,3.22,0,0,3.22,0,0,3.25,10.47,1693,Wednesday
5577150313,2016-04-12,8135,6.08,3.6,0.38,2.1,1.43,0.27,2.33,12.13,3405,Tuesday  
5577150313,2016-04-13,5077,3.79,0.32,0.22,3.25,0.25,0.18,2.4,12.93,2551,Wednesday
5577150313,2016-04-14,8596,6.42,3.33,0.31,2.78,1.97,0.5,2.93,11.03,4022,Thursday 
5577150313,2016-04-15,12087,9.08,3.92,1.6,3.56,1.92,0.9,3.32,11.58,4005,Friday   
5577150313,2016-04-16,14269,10.66,6.64,1.28,2.73,3.07,0.93,2.63,7.87,4274,Saturday 
5577150313,2016-04-17,12231,9.14,5.98,0.83,2.32,3.33,0.62,2.65,8.75,4552,Sunday   
5577150313,2016-04-18,9893,7.39,4.86,0.72,1.82,1.9,0.53,2.17,10.38,3625,Monday   
5577150313,2016-04-19,12574,9.42,7.02,0.64,1.76,1.8,0.38,1.85,12.22,3501,Tuesday  
5577150313,2016-04-20,8330,6.22,4.12,0.34,1.76,1.45,0.27,1.88,12.88,3192,Wednesday
5577150313,2016-04-21,10830,8.09,3.65,1.66,2.78,1.83,1.23,2.92,11.17,4018,Thursday 
5577150313,2016-04-22,9172,6.85,2.42,0.79,3.3,1.03,0.5,3.33,13.72,3329,Friday   
5577150313,2016-04-23,7638,5.71,1.21,0.36,4.14,0.4,0.4,3.72,10.45,3152,Saturday 
5577150313,2016-04-24,15764,11.78,7.65,2.15,1.98,3.5,1.08,2.35,7.08,4392,Sunday   
5577150313,2016-04-25,6393,4.78,1.35,0.67,2.76,1.02,0.63,3.57,12.38,3374,Monday   
5577150313,2016-04-26,5325,3.98,0.85,0.65,2.47,0.63,0.53,3.02,12.65,3088,Tuesday  
5577150313,2016-04-27,6805,5.14,1.81,0.4,2.93,1.05,0.27,3.17,12.88,3294,Wednesday
5577150313,2016-04-28,9841,7.43,3.25,1.17,3.01,1.65,0.85,2.35,11.53,3580,Thursday 
5577150313,2016-04-29,7924,5.92,2.84,0.61,2.47,1.62,0.6,2.75,12.32,3544,Friday   
5577150313,2016-04-30,12363,9.24,5.83,0.79,2.61,3.45,0.75,2.72,10.35,4501,Saturday 
5577150313,2016-05-01,13368,9.99,5.31,1.44,3.24,3.23,1.2,2.97,8.32,4546,Sunday   
5577150313,2016-05-02,7439,5.56,1.12,0.35,4.07,0.62,0.33,3.92,12.2,3014,Monday   
5577150313,2016-05-03,11045,8.25,4.52,0.15,3.57,1.62,0.13,3.53,9.67,3795,Tuesday  
5577150313,2016-05-04,5206,3.89,1.56,0.25,2.08,0.42,0.15,2.35,10.52,2755,Wednesday
5577150313,2016-05-05,7550,5.64,2.5,0.47,2.67,0.75,0.35,2.38,19.22,3004,Thursday 
5577150313,2016-05-06,4950,3.7,1.93,0.32,1.45,0.68,0.27,1.32,21.73,2643,Friday   
5577150313,2016-05-09,3421,2.56,1.43,0.14,0.99,0.57,0.18,1.17,18.32,2489,Monday   
5577150313,2016-05-10,8869,6.65,2.56,0.75,3.35,1.73,0.62,3.23,10.65,3841,Tuesday  
5577150313,2016-05-11,4038,3.04,1.83,0.3,0.89,0.75,0.25,1.05,4.28,1665,Wednesday
6117666160,2016-04-15,14019,10.59,0,0.28,10.3,0,0.1,8.55,15.35,2865,Friday   
6117666160,2016-04-16,14450,10.91,0.58,0.85,9.48,0.12,0.25,8.63,8.37,2828,Saturday 
6117666160,2016-04-17,7150,5.4,0,0,5.4,0,0,5.2,11.7,2225,Sunday   
6117666160,2016-04-18,5153,3.91,0,0,3.89,0,0,4.02,12.65,2018,Monday   
6117666160,2016-04-19,11135,8.41,0,0,8.41,0,0,8,7.08,2606,Tuesday  
6117666160,2016-04-20,10449,8.02,2.03,0.48,5.52,0.43,0.17,5.82,9.78,2536,Wednesday
6117666160,2016-04-21,19542,15.01,0.98,0.4,5.62,0.18,0.32,4.9,9.65,4900,Thursday 
6117666160,2016-04-22,8206,6.2,0,0,6.2,0,0,6.7,6.88,2409,Friday   
6117666160,2016-04-23,11495,8.68,0,0,8.68,0,0,8.53,7.8,2651,Saturday 
6117666160,2016-04-24,7623,5.76,0,0,5.76,0,0,6.03,11.85,2305,Sunday   
6117666160,2016-04-26,9543,7.21,0,0.34,6.87,0,0.12,5.87,17.95,2450,Tuesday  
6117666160,2016-04-27,9411,7.11,0,0,7.11,0,0,7.63,6.95,2576,Wednesday
6117666160,2016-04-28,3403,2.6,0,0,2.6,0,0,2.35,12.63,1879,Thursday 
6117666160,2016-04-29,9592,7.24,0,0,7.24,0,0,7.68,7.98,2560,Friday   
6117666160,2016-04-30,6987,5.28,0,0,5.28,0,0,5.72,17.33,2275,Saturday 
6117666160,2016-05-01,8915,6.73,0,0,6.73,0,0,6.62,8.75,2361,Sunday   
6117666160,2016-05-02,4933,3.73,0,0,3.73,0,0,3.93,20.07,2044,Monday   
6117666160,2016-05-04,2997,2.26,0,0,2.26,0,0,2.6,21.32,1902,Wednesday
6117666160,2016-05-05,9799,7.4,0,0,7.4,0,0,8.12,7.98,2636,Thursday 
6117666160,2016-05-06,3365,2.68,0,0,2.68,0,0,2.22,11.22,1838,Friday   
6117666160,2016-05-07,7336,5.54,0,0,5.54,0,0,6.87,7.6,2469,Saturday 
6117666160,2016-05-08,7328,5.53,0,0,5.53,0,0,5.3,8.62,2250,Sunday   
6117666160,2016-05-09,4477,3.38,0,0,3.38,0,0,3.28,2.08,1248,Monday   
6290855005,2016-04-12,4562,3.45,0,0,3.45,0,0,3.32,20.68,2560,Tuesday  
6290855005,2016-04-13,7142,5.4,0,0,5.39,0,0,5.83,18.17,2905,Wednesday
6290855005,2016-04-14,7671,5.8,0,0,5.77,0,0,6.05,17.95,2952,Thursday 
6290855005,2016-04-15,9501,7.18,0,0,7.17,0,0,5.47,18.53,2896,Friday   
6290855005,2016-04-16,8301,6.28,0,0,6.27,0,0,4.3,19.7,2783,Saturday 
6290855005,2016-04-17,7851,5.94,1.14,0.79,4,0.52,0.2,3.75,19.53,3171,Sunday   
6290855005,2016-04-18,6885,5.21,0,0,5.19,0,0,4.52,19.48,2766,Monday   
6290855005,2016-04-19,7142,5.4,0,0,5.39,0,0,5.35,18.65,2839,Tuesday  
6290855005,2016-04-20,6361,4.81,0,0,4.8,0,0,4.3,19.7,2701,Wednesday
6290855005,2016-04-22,6238,4.72,0,0,4.72,0,0,5.03,18.97,2796,Friday   
6290855005,2016-04-24,5896,4.46,0,0,4.46,0,0,4.3,19.7,2703,Sunday   
6290855005,2016-04-25,7802,5.9,0.68,0.18,5.03,0.13,0.05,4.15,19.67,2771,Monday   
6290855005,2016-04-27,5565,4.21,0,0,4.18,0,0,4.78,19.22,2743,Wednesday
6290855005,2016-04-28,5731,4.33,0,0,4.33,0,0,4.25,19.75,2687,Thursday 
6290855005,2016-04-30,6744,5.1,0,0,5.09,0,0,5.4,18.6,2843,Saturday 
6290855005,2016-05-01,9837,7.44,0.66,2.75,4,0.13,1.58,4.7,17.58,3327,Sunday   
6290855005,2016-05-02,6781,5.13,0,0,5.11,0,0,4.47,19.53,2725,Monday   
6290855005,2016-05-03,6047,4.57,0,0,4.57,0,0,4,20,2671,Tuesday  
6290855005,2016-05-04,5832,4.41,0,0,4.4,0,0,4.53,19.47,2718,Wednesday
6290855005,2016-05-05,6339,4.79,0,0,4.79,0,0,3.98,20.02,2682,Thursday 
6290855005,2016-05-06,6116,4.62,0,0,4.59,0,0,5.08,18.92,2806,Friday   
6290855005,2016-05-07,5510,4.17,0,0,4.16,0,0,3.78,20.22,2613,Saturday 
6290855005,2016-05-08,7706,5.83,0,0,5.82,0,0,4.18,19.82,2712,Sunday   
6290855005,2016-05-09,6277,4.75,0,0,4.73,0,0,4.4,13.33,2175,Monday   
6775888955,2016-04-13,4053,2.91,1.11,0.58,1.22,0.28,0.3,1.42,17.55,2400,Wednesday
6775888955,2016-04-14,5162,3.7,0.87,0.86,1.97,0.23,0.4,1.75,14.38,2507,Thursday 
6775888955,2016-04-15,1282,0.92,0,0,0.92,0,0,0.97,16.27,2127,Friday   
6775888955,2016-04-16,4732,3.39,2.52,0.81,0.06,0.6,0.3,0.15,22.95,2225,Saturday 
6775888955,2016-04-17,2497,1.79,0.35,1.13,0.31,0.08,0.4,0.32,23.2,2067,Sunday   
6775888955,2016-04-18,8294,5.95,2,0.77,3.17,0.5,0.52,2.43,20.55,2798,Monday   
6775888955,2016-04-20,10771,7.72,3.77,1.74,2.22,1.17,1.88,2.97,17.98,3727,Wednesday
6775888955,2016-04-22,637,0.46,0,0,0.46,0,0,0.33,23.67,1922,Friday   
6775888955,2016-04-24,2153,1.54,0.77,0.62,0.15,0.18,0.3,0.18,23.33,2053,Sunday   
6775888955,2016-04-25,6474,4.64,2.27,0.46,1.9,0.55,0.22,1.53,21.7,2484,Monday   
6775888955,2016-04-26,7091,5.27,3.48,0.87,0.73,0.7,0.5,0.78,22.02,2584,Tuesday  
6775888955,2016-04-28,703,0.5,0.06,0.2,0.24,0.03,0.22,0.25,23.5,1993,Thursday 
6775888955,2016-04-30,2503,1.79,0.16,0.16,1.48,0.05,0.15,1.4,22.4,2280,Saturday 
6775888955,2016-05-01,2487,1.78,0.48,0.62,0.68,0.15,0.57,0.83,22.45,2319,Sunday   
6775888955,2016-05-06,4697,3.37,0.47,0.93,1.93,0.2,0.58,1.25,21.97,2496,Friday   
6775888955,2016-05-07,1967,1.41,0.13,0.24,1.05,0.03,0.08,0.82,9.18,1032,Saturday 
6962181067,2016-04-12,10199,6.74,3.4,0.83,2.51,0.83,0.23,3.15,13.27,1994,Tuesday  
6962181067,2016-04-13,5652,3.74,0.57,1.21,1.96,0.13,0.4,2.37,9.13,1718,Wednesday
6962181067,2016-04-14,1551,1.03,0,0,1.03,0,0,1.43,14.37,1466,Thursday 
6962181067,2016-04-15,5563,3.68,0,0,3.68,0,0,3.62,13.95,1756,Friday   
6962181067,2016-04-16,13217,8.74,3.66,0.19,4.88,0.83,0.05,4.67,12.35,2173,Saturday 
6962181067,2016-04-17,10145,6.71,0.33,0.68,5.69,0.08,0.22,4.92,10.57,2027,Sunday   
6962181067,2016-04-18,11404,7.54,0.83,2.39,4.32,0.22,0.7,3.97,11.48,2039,Monday   
6962181067,2016-04-19,10742,7.1,2.1,2.13,2.87,0.58,0.68,3.25,10.98,2046,Tuesday  
6962181067,2016-04-20,13928,9.55,4.28,0.19,5.09,0.8,0.07,4.95,10.65,2174,Wednesday
6962181067,2016-04-21,11835,7.88,3.99,2.1,3.51,0.88,0.45,3.57,11.8,2179,Thursday 
6962181067,2016-04-22,10725,7.09,1.77,1.55,3.77,0.5,0.55,4,10.98,2086,Friday   
6962181067,2016-04-23,20031,13.24,4.2,2,7.04,0.97,0.68,5.78,8.07,2571,Saturday 
6962181067,2016-04-24,5029,3.32,0,0,3.32,0,0,3.32,12,1705,Sunday   
6962181067,2016-04-25,13239,9.08,3.02,1.68,4.46,0.58,0.52,4.7,10.62,2194,Monday   
6962181067,2016-04-26,10433,6.9,2.58,0.42,3.9,0.6,0.12,4.23,11.33,2012,Tuesday  
6962181067,2016-04-27,10320,6.82,0.55,2.02,4.25,0.12,0.63,4.65,11.62,2034,Wednesday
6962181067,2016-04-28,12627,8.35,2.51,0.24,5.59,0.63,0.13,4.8,10.35,2182,Thursday 
6962181067,2016-04-29,10762,7.11,0.82,0.48,5.81,0.2,0.25,6.15,10.75,2254,Friday   
6962181067,2016-04-30,10081,6.66,2.24,0.76,3.67,0.53,0.27,3.95,12.18,2002,Saturday 
6962181067,2016-05-01,5454,3.61,0,0,3.61,0,0,3.58,12.03,1740,Sunday   
6962181067,2016-05-02,12912,8.54,1.2,2,5.34,0.3,0.65,5.22,10.92,2162,Monday   
6962181067,2016-05-03,12109,8.12,1.74,2.04,4.33,0.35,0.6,4.45,10.9,2072,Tuesday  
6962181067,2016-05-04,10147,6.71,0.47,1.68,4.55,0.25,0.6,4.73,11.38,2086,Wednesday
6962181067,2016-05-05,10524,6.96,0.99,1.16,4.81,0.23,0.37,5.08,9.85,2066,Thursday 
6962181067,2016-05-06,5908,3.91,0,0,3.91,0,0,4.98,11.95,1850,Friday   
6962181067,2016-05-07,6815,4.5,0,0,4.5,0,0,5.47,12.42,1947,Saturday 
6962181067,2016-05-08,4188,2.77,0,0.52,2.25,0,0.23,2.52,11.82,1659,Sunday   
6962181067,2016-05-09,12342,8.68,3.9,1.18,3.65,0.72,0.35,3.85,10.12,2105,Monday   
6962181067,2016-05-10,15448,10.21,3.47,1.75,4.99,1.03,0.57,4.58,10.43,2361,Tuesday  
6962181067,2016-05-11,6722,4.44,1.49,0.31,2.65,0.4,0.12,3.32,11.82,1855,Wednesday
7007744171,2016-04-12,14172,9.48,4.5,0.38,5.41,0.88,0.13,5.92,17.07,2937,Tuesday  
7007744171,2016-04-13,12862,8.6,4.61,0.56,4.48,0.93,0.37,4.35,18.35,2742,Wednesday
7007744171,2016-04-14,11179,7.48,2.95,0.34,4.96,0.57,0.1,5.07,18.27,2668,Thursday 
7007744171,2016-04-15,5273,3.53,0,0,3.53,0,0,3.37,20.63,2098,Friday   
7007744171,2016-04-16,4631,3.1,0,0,3.1,0,0,3.38,19.25,2076,Saturday 
7007744171,2016-04-17,8059,5.39,0,0,5.39,0,0,5.08,18.92,2383,Sunday   
7007744171,2016-04-18,14816,9.91,3.79,2.12,5.05,0.8,0.52,4.73,17.95,2832,Monday   
7007744171,2016-04-19,14194,9.5,4.41,0.76,5.31,0.88,0.28,5.07,17.77,2812,Tuesday  
7007744171,2016-04-20,15566,10.41,4.79,0.67,5.86,1,0.55,5.78,16.67,3096,Wednesday
7007744171,2016-04-21,13744,9.19,2.15,1.87,5.17,0.5,0.57,5.45,17.48,2763,Thursday 
7007744171,2016-04-22,15299,10.24,4.1,1.76,4.37,1.07,0.83,4.35,17.75,2889,Friday   
7007744171,2016-04-23,8093,5.41,0.13,1.13,4.15,0.03,0.42,3.72,19.83,2284,Saturday 
7007744171,2016-04-24,11085,7.42,0,0,7.42,0,0,6.98,17.02,2667,Sunday   
7007744171,2016-04-25,18229,12.2,4.31,1.37,7.67,0.85,0.4,6.32,16.43,3055,Monday   
7007744171,2016-04-26,15090,10.1,0.93,0.94,8.23,0.27,0.37,7.07,16.3,2939,Tuesday  
7007744171,2016-04-27,13541,9.06,4.27,0.66,5.29,0.83,0.2,5.62,17.35,2830,Wednesday
7007744171,2016-04-28,15128,10.12,1.09,0.77,8.26,0.27,0.27,6.68,16.78,2836,Thursday 
7007744171,2016-04-29,20067,13.42,4.31,2.05,7.95,0.92,0.7,6.37,16.02,3180,Friday   
7007744171,2016-04-30,3761,2.52,0,0,2.52,0,0,3.33,20.67,2051,Saturday 
7007744171,2016-05-01,5600,3.75,0,0,3.75,0,0,3.95,19.03,2225,Sunday   
7007744171,2016-05-02,13041,8.72,4.64,0.7,3.83,1.07,0.23,4.17,18.53,2642,Monday   
7007744171,2016-05-03,14510,9.71,4.48,1.02,5.36,0.97,0.52,5.5,17.02,2976,Tuesday  
7007744171,2016-05-05,15010,10.04,4.33,1.29,5.48,0.88,0.38,5.28,17.45,2933,Thursday 
7007744171,2016-05-06,11459,7.67,3,0.81,3.86,0.73,0.22,4.12,18.93,2553,Friday   
7086361926,2016-04-12,11317,8.41,5.27,0.15,2.97,0.98,0.1,2.55,12.42,2772,Tuesday  
7086361926,2016-04-13,5813,3.62,0.56,0.21,2.84,0.52,0.43,2.58,12.4,2516,Wednesday
7086361926,2016-04-14,9123,6.12,2.03,0.33,3.66,0.58,0.53,3.15,13.12,2734,Thursday 
7086361926,2016-04-15,8585,5.67,2.04,1.11,2.53,0.5,0.35,2.32,14.4,2395,Friday   
7086361926,2016-04-18,9827,6.71,3.17,1.22,2.31,1.02,0.85,1.9,18.93,2743,Monday   
7086361926,2016-04-19,10688,7.29,3.53,1.23,2.51,1.12,1.15,2.07,11.18,2944,Tuesday  
7086361926,2016-04-20,14365,10.64,7.64,0.45,2.54,1.45,0.22,2.42,13.28,2997,Wednesday
7086361926,2016-04-21,9469,6.18,1.36,0.3,4.51,0.32,0.1,3.43,12.63,2463,Thursday 
7086361926,2016-04-22,9753,6.53,2.87,0.97,2.67,0.97,0.98,2.55,12.7,2846,Friday   
7086361926,2016-04-23,2817,1.81,0,0,1.8,0,0,1.5,22.5,1965,Saturday 
7086361926,2016-04-24,3520,2.16,0,0,2.15,0,0,2.08,9.43,2049,Sunday   
7086361926,2016-04-25,10091,6.82,3.75,0.7,2.37,1.15,0.65,2.15,11.77,2752,Monday   
7086361926,2016-04-26,10387,7.07,4.16,0.77,2.12,1.17,0.55,2.2,12.1,2781,Tuesday  
7086361926,2016-04-27,11107,8.34,5.63,0.18,2.53,0.92,0.1,2.42,13.82,2693,Wednesday
7086361926,2016-04-28,11584,7.8,2.79,1.64,3.36,0.9,0.8,2.68,13.5,2862,Thursday 
7086361926,2016-04-29,7881,4.95,0.49,0.45,4,0.4,0.6,3.03,19.97,2616,Friday   
7086361926,2016-04-30,14560,9.41,3.12,1.04,5.24,0.7,0.28,5.13,9.73,2995,Saturday 
7086361926,2016-05-01,12390,8.07,2.3,0.9,4.85,0.5,0.25,4.3,11.42,2730,Sunday   
7086361926,2016-05-02,10052,6.81,3.48,0.66,2.66,1.1,0.43,2.32,12.28,2754,Monday   
7086361926,2016-05-03,10288,6.76,2.74,0.85,3.16,0.95,0.6,2.53,12.68,2754,Tuesday  
7086361926,2016-05-04,10988,8.31,5.28,0.12,2.9,0.75,0.2,2.25,14.05,2655,Wednesday
7086361926,2016-05-05,8564,5.6,1.78,0.83,2.95,0.4,0.23,2.48,20.88,2386,Thursday 
7086361926,2016-05-06,12461,8.38,3.82,1.43,3.12,1.4,0.58,2.57,13.9,2924,Friday   
7086361926,2016-05-07,12827,8.48,1.46,2.33,4.68,0.33,0.7,3.48,10.35,2739,Saturday 
7086361926,2016-05-08,10677,7.1,2.31,1.53,3.25,0.53,0.45,2.45,11.58,2534,Sunday   
7086361926,2016-05-09,13566,9.11,4.26,1.71,3.12,1.12,0.83,2.85,12.38,2960,Monday   
7086361926,2016-05-10,14433,10.79,7.11,1.2,2.45,1.2,0.38,1.77,19.7,2800,Tuesday  
7086361926,2016-05-11,9572,6.52,2.89,1.39,2.23,0.95,0.67,2.13,12.62,2735,Wednesday
7086361926,2016-05-12,3789,2.56,0.38,0.27,1.89,0.08,0.07,0.97,5.72,1199,Thursday 
8053475328,2016-04-12,18060,14.12,11.64,0.39,2.1,1.93,0.13,2.05,19.88,3186,Tuesday  
8053475328,2016-04-13,16433,13.35,10.43,0.47,2.45,1.58,0.2,2.6,19.62,3140,Wednesday
8053475328,2016-04-14,20159,15.97,12.34,0.21,3.36,1.98,0.08,3.22,18.72,3411,Thursday 
8053475328,2016-04-15,20669,16.24,13.26,0.39,2.59,2.2,0.13,2.63,19.03,3410,Friday   
8053475328,2016-04-16,14549,11.11,9.36,0.27,1.49,1.6,0.1,1.38,20.92,2867,Saturday 
8053475328,2016-04-17,18827,13.69,9.24,0.8,3.64,1.85,0.35,3.25,18.55,3213,Sunday   
8053475328,2016-04-18,17076,12.66,9.08,0.23,3.35,1.7,0.1,3.25,18.95,3133,Monday   
8053475328,2016-04-19,15929,12.48,9.22,0.31,2.95,1.5,0.12,3.18,19.2,3114,Tuesday  
8053475328,2016-04-20,15108,12.19,9.58,0.23,2.38,1.48,0.08,2.63,11.58,3043,Wednesday
8053475328,2016-04-21,16057,12.51,9.67,0.25,2.58,1.67,0.1,2.83,19.4,3103,Thursday 
8053475328,2016-04-22,10520,8.29,6.26,0.15,1.88,1,0.05,1.95,21,2655,Friday   
8053475328,2016-04-23,22359,17.19,12.54,0.63,4.02,2.08,0.23,3.72,12.35,3554,Saturday 
8053475328,2016-04-24,22988,17.95,13.13,1.55,3.26,2.15,0.55,3.03,18.27,3577,Sunday   
8053475328,2016-04-25,20500,15.69,11.37,0.46,3.86,1.97,0.15,3.48,18.4,3403,Monday   
8053475328,2016-04-26,12685,9.62,6.31,0.2,3.1,1.13,0.08,3.08,19.7,2846,Tuesday  
8053475328,2016-04-27,12422,9.82,6.46,0.43,2.93,1,0.17,3.05,19.78,2852,Wednesday
8053475328,2016-04-28,15447,12.4,9.67,0.39,2.35,1.5,0.15,2.55,19.8,3062,Thursday 
8053475328,2016-04-29,12315,9.65,6.17,0.31,3.17,0.97,0.13,2.65,20.25,2794,Friday   
8053475328,2016-04-30,7135,5.59,2.99,0.06,2.54,0.45,0.02,2.18,21.35,2408,Saturday 
8053475328,2016-05-01,1170,0.85,0,0,0.85,0,0,0.85,23.15,1886,Sunday   
8053475328,2016-05-02,1969,1.43,0,0,1.43,0,0,1.58,22.42,1988,Monday   
8053475328,2016-05-03,15484,11.9,8.39,0.93,2.59,1.45,0.37,2.75,19.43,3023,Tuesday  
8053475328,2016-05-04,14581,11.15,8.82,0.4,1.91,1.48,0.13,2.05,20.33,2918,Wednesday
8053475328,2016-05-05,14990,11.51,8.85,0.45,2.21,1.55,0.15,2.17,20.13,2950,Thursday 
8053475328,2016-05-06,13953,11,9.1,0.69,1.21,1.5,0.25,1.5,20.75,2859,Friday   
8053475328,2016-05-07,19769,15.67,12.44,0.88,2.35,2.02,0.33,2.47,17.93,3331,Saturday 
8053475328,2016-05-08,22026,17.65,13.4,0.59,3.66,2.08,0.23,3.8,17.88,3589,Sunday   
8053475328,2016-05-09,12465,9.38,6.12,0.57,2.69,1.1,0.2,2.47,20.23,2765,Monday   
8053475328,2016-05-10,14810,11.36,9.09,0.42,1.85,1.6,0.17,1.92,20.32,2926,Tuesday  
8053475328,2016-05-11,12209,9.4,6.08,0.28,3.04,1,0.12,3.07,19.82,2809,Wednesday
8053475328,2016-05-12,4998,3.91,2.95,0.2,0.76,0.47,0.07,0.65,13.98,1505,Thursday 
8253242879,2016-04-12,9033,7.16,5.43,0.14,1.59,0.67,0.03,2.57,20.73,2044,Tuesday  
8253242879,2016-04-13,8053,6.1,4.17,0.63,1.31,0.58,0.18,1.6,21.63,1935,Wednesday
8253242879,2016-04-14,5234,3.46,1.93,0.99,0.54,0.48,0.27,0.55,22.7,1705,Thursday 
8253242879,2016-04-15,2672,1.77,0,0,1.76,0,0,1.75,22.25,1632,Friday   
8253242879,2016-04-16,9256,6.14,0.43,3.27,2.45,0.1,0.85,1.92,21.13,1880,Saturday 
8253242879,2016-04-17,10204,7.91,5.43,0.15,2.33,0.68,0.08,2.62,20.62,2112,Sunday   
8253242879,2016-04-18,5151,3.48,1.04,0.63,1.8,0.27,0.27,2.17,21.3,1829,Monday   
8253242879,2016-04-19,4212,2.78,0,0,2.78,0,0,2.73,21.27,1763,Tuesday  
8253242879,2016-04-20,6466,4.27,0.33,0.82,3.11,0.08,0.3,3.6,20.02,1931,Wednesday
8253242879,2016-04-21,11268,8.56,5.88,0.93,1.75,0.82,0.33,2.87,19.98,2218,Thursday 
8253242879,2016-04-22,2824,1.87,0,0,1.87,0,0,2,22,1651,Friday   
8253242879,2016-04-23,9282,6.26,2.09,1.04,3.13,0.5,0.43,3.18,19.88,2132,Saturday 
8253242879,2016-04-24,8905,7.13,5.6,0.19,1.34,0.68,0.07,1.37,21.88,1976,Sunday   
8253242879,2016-04-25,6829,4.51,0.36,2.39,1.77,0.12,0.9,1.97,21.02,1909,Monday   
8253242879,2016-04-26,4562,3.04,1.18,0.49,1.37,0.32,0.23,1.8,21.65,1813,Tuesday  
8253242879,2016-04-27,10232,8.18,6.24,0.23,1.7,0.75,0.08,1.73,21.43,2008,Wednesday
8253242879,2016-04-28,2718,1.8,0.67,0.78,0.34,0.18,0.27,0.33,23.22,1580,Thursday 
8253242879,2016-04-29,6260,4.26,1.29,0.54,2.4,0.27,0.23,2.27,20.95,1854,Friday   
8378563200,2016-04-12,7626,6.05,0.83,0.71,4.5,1.08,0.25,2.6,12.05,3635,Tuesday  
8378563200,2016-04-13,12386,9.82,4.96,0.65,4.21,1.93,0.23,2.82,11.33,4079,Wednesday
8378563200,2016-04-14,13318,10.56,5.62,1.03,3.91,2.05,0.35,2.9,11.65,4163,Thursday 
8378563200,2016-04-15,14461,11.47,4.91,1.15,5.41,1,0.38,3.17,12.15,3666,Friday   
8378563200,2016-04-16,11207,8.89,5.37,1.07,2.44,1.07,0.35,2.37,9.38,3363,Saturday 
8378563200,2016-04-17,2132,1.69,0,0,1.69,0,0,1.55,9.98,2572,Sunday   
8378563200,2016-04-18,13630,10.81,5.05,0.56,5.2,1.95,0.17,2.9,12,4157,Monday   
8378563200,2016-04-19,13070,10.36,5.3,0.88,4.18,2,0.32,2.57,12.28,4092,Tuesday  
8378563200,2016-04-20,9388,7.44,2.23,0.44,4.78,1.37,0.13,2.82,12.72,3787,Wednesday
8378563200,2016-04-21,15148,12.01,6.9,0.82,4.29,2.28,0.27,2.42,11.28,4236,Thursday 
8378563200,2016-04-22,12200,9.67,4.91,0.59,4.18,1.88,0.2,2.65,12.82,4044,Friday   
8378563200,2016-04-23,5709,4.53,1.52,0.52,2.48,0.32,0.17,2.27,12.33,2908,Saturday 
8378563200,2016-04-24,3703,2.94,0,0,2.94,0,0,2.25,12.23,2741,Sunday   
8378563200,2016-04-25,12405,9.84,5.05,0.87,3.92,1.95,0.27,2.35,11.53,4005,Monday   
8378563200,2016-04-26,16208,12.85,7.51,0.92,4.42,1.5,0.3,2.68,9.88,3763,Tuesday  
8378563200,2016-04-27,7359,5.84,0.33,0.18,5.33,0.07,0.07,3.2,11.27,3061,Wednesday
8378563200,2016-04-28,5417,4.3,0.9,0.49,2.91,0.18,0.17,2.32,11.85,2884,Thursday 
8378563200,2016-04-29,6175,4.9,0.25,0.36,4.27,0.05,0.12,2.87,12.78,2982,Friday   
8378563200,2016-04-30,2946,2.34,0,0,2.34,0,0,2.02,13,2660,Saturday 
8378563200,2016-05-01,11419,9.06,6.03,0.56,2.47,1.18,0.17,2.12,11.15,3369,Sunday   
8378563200,2016-05-02,6064,4.81,0.63,0.17,4.01,1.05,0.07,2.37,13.37,3491,Monday   
8378563200,2016-05-03,8712,6.91,1.34,1.06,4.5,1.18,0.33,3.25,13.7,3784,Tuesday  
8378563200,2016-05-04,7875,6.24,1.56,0.49,4.2,0.32,0.17,2.78,11.33,3110,Wednesday
8378563200,2016-05-05,8567,6.79,0.89,0.16,5.74,1.1,0.05,3.57,12.73,3783,Thursday 
8378563200,2016-05-06,7045,5.59,1.55,0.25,3.78,1.23,0.08,2.77,13.85,3644,Friday   
8378563200,2016-05-07,4468,3.54,0,0,3.54,0,0,2.63,14.18,2799,Saturday 
8378563200,2016-05-08,2943,2.33,0,0,2.33,0,0,2.32,10.35,2685,Sunday   
8378563200,2016-05-09,8382,6.65,1.27,0.66,4.72,1.18,0.22,2.85,12.87,3721,Monday   
8378563200,2016-05-10,6582,5.22,0.66,0.64,3.92,1.05,0.22,2.53,14,3586,Tuesday  
8378563200,2016-05-11,9143,7.25,1.39,0.59,5.27,1.2,0.17,3.07,12.72,3788,Wednesday
8378563200,2016-05-12,4561,3.62,0.65,0.27,2.69,0.13,0.1,1.7,7.22,1976,Thursday 
8583815059,2016-04-12,5014,3.91,0,0.33,3.58,0,0.12,3.27,20.62,2650,Tuesday  
8583815059,2016-04-13,5571,4.35,0.15,0.97,3.23,0.03,0.38,2.72,20.87,2654,Wednesday
8583815059,2016-04-14,3135,2.45,0,0,2.43,0,0,2.23,21.77,2443,Thursday 
8583815059,2016-04-15,3430,2.68,0,0,0.9,0,0,1.08,22.92,2505,Friday   
8583815059,2016-04-18,3864,3.01,0.31,1.06,1.35,0.07,0.37,1.75,21.82,2536,Monday   
8583815059,2016-04-19,5697,4.44,0.53,0.48,3.44,0.12,0.17,2.77,20.95,2668,Tuesday  
8583815059,2016-04-20,5273,4.11,0,1.04,3.07,0,0.45,2.78,20.77,2647,Wednesday
8583815059,2016-04-21,8538,6.66,2.63,1.02,3.01,0.58,0.3,2.63,20.48,2883,Thursday 
8583815059,2016-04-22,8687,6.78,0.29,2.41,4.08,0.07,0.9,3.53,19.5,2944,Friday   
8583815059,2016-04-23,9423,7.35,0.53,2.03,4.75,0.12,0.73,3.97,19.18,3012,Saturday 
8583815059,2016-04-24,8286,6.46,0.15,2.05,4.27,0.03,0.73,3.43,19.8,2889,Sunday   
8583815059,2016-04-25,4503,3.51,1.47,0.24,1.81,0.3,0.1,2.03,21.57,2547,Monday   
8583815059,2016-04-26,10499,8.19,0.07,4.22,3.89,0.02,1.52,3.57,18.9,3093,Tuesday  
8583815059,2016-04-27,12474,9.73,6.6,0.27,2.87,1.28,0.08,2.15,20.48,3142,Wednesday
8583815059,2016-04-28,6174,4.82,0,1.2,3.61,0,0.47,3.38,20.15,2757,Thursday 
8583815059,2016-04-29,15168,11.83,3.9,3,4.92,0.77,1.12,4.3,17.82,3513,Friday   
8583815059,2016-04-30,10085,7.87,0.15,1.28,6.43,0.03,0.47,5.28,18.22,3164,Saturday 
8583815059,2016-05-01,4512,3.52,0.78,0.12,2.04,0.17,0.03,1.95,21.85,2596,Sunday   
8583815059,2016-05-05,12427,9.69,0,0,1.18,0,0,1.17,22.83,3266,Thursday 
8583815059,2016-05-06,5843,4.56,0.14,1.19,3.23,0.03,0.37,2.77,20.83,2683,Friday   
8583815059,2016-05-07,6117,4.77,0,0,4.77,0,0,4.17,19.83,2810,Saturday 
8583815059,2016-05-08,9217,7.19,0.22,3.31,3.66,0.05,1.2,3.03,19.72,2940,Sunday   
8583815059,2016-05-09,9877,7.7,5.76,0.17,1.73,1.1,0.07,1.83,21,2947,Monday   
8583815059,2016-05-10,8240,6.43,0.69,2.01,3.72,0.15,0.72,2.7,20.43,2846,Tuesday  
8583815059,2016-05-11,8701,6.79,0.37,3.24,3.17,0.08,1.18,2.95,18.43,2804,Wednesday
8792009665,2016-04-12,2564,1.64,0,0,1.64,0,0,1.93,13.85,2044,Tuesday  
8792009665,2016-04-13,1320,0.84,0,0,0.84,0,0,1.37,13.43,1934,Wednesday
8792009665,2016-04-14,1219,0.78,0,0,0.78,0,0,1.4,14.22,1963,Thursday 
8792009665,2016-04-15,2483,1.59,0,0,1.59,0,0,2.1,15.62,2009,Friday   
8792009665,2016-04-16,244,0.16,0,0,0.16,0,0,0.2,23.8,1721,Saturday 
8792009665,2016-04-20,3147,2.01,0,0.28,1.74,0,0.17,2.32,12.4,2188,Wednesday
8792009665,2016-04-21,144,0.09,0,0,0.09,0,0,0.15,23.85,1720,Thursday 
8792009665,2016-04-22,4068,2.6,0.05,0.28,2.27,0.02,0.33,3.25,13.62,2419,Friday   
8792009665,2016-04-23,5245,3.36,0.16,0.44,2.75,0.13,0.75,3.87,13.25,2748,Saturday 
8792009665,2016-04-24,400,0.26,0.04,0.05,0.16,0.05,0.13,0.32,23.5,1799,Sunday   
8792009665,2016-04-26,1321,0.85,0,0,0.85,0,0,1.33,22.67,1928,Tuesday  
8792009665,2016-04-27,1758,1.13,0,0,1.13,0,0,1.87,15,2067,Wednesday
8792009665,2016-04-28,6157,3.94,0,0,3.94,0,0,5.17,11.9,2780,Thursday 
8792009665,2016-04-29,8360,5.35,0.14,0.28,4.93,0.1,0.23,6.33,10.57,3101,Friday   
8792009665,2016-04-30,7174,4.59,0.33,0.36,3.91,0.17,0.33,5.02,12.48,2896,Saturday 
8792009665,2016-05-01,1619,1.04,0,0,1.04,0,0,1.32,13.9,1962,Sunday   
8792009665,2016-05-02,1831,1.17,0,0,1.17,0,0,1.68,15.27,2015,Monday   
8792009665,2016-05-03,2421,1.55,0,0,1.55,0,0,2.6,12.32,2297,Tuesday  
8792009665,2016-05-04,2283,1.46,0,0,1.46,0,0,2.15,14.13,2067,Wednesday
8877689391,2016-04-12,23186,20.4,12.22,0.34,7.82,1.42,0.12,5.2,17.27,3921,Tuesday  
8877689391,2016-04-13,15337,9.58,3.55,0.38,5.64,1.8,0.3,3.6,18.3,3566,Wednesday
8877689391,2016-04-14,21129,18.98,10.55,0.59,7.75,1.13,0.22,4.97,17.68,3793,Thursday 
8877689391,2016-04-15,13422,7.17,0.05,0.05,7.01,1.77,0.02,4.68,17.53,3934,Friday   
8877689391,2016-04-16,29326,25.29,13.24,1.21,10.71,1.57,0.48,7.15,14.8,4547,Saturday 
8877689391,2016-04-17,15118,8.87,0,0.07,8.79,0.97,0.25,5.12,17.67,3545,Sunday   
8877689391,2016-04-18,11423,8.67,2.44,0.27,5.94,0.48,0.08,3.18,20.25,2761,Monday   
8877689391,2016-04-19,18785,17.4,12.15,0.18,5.03,1.37,0.22,3.57,18.85,3676,Tuesday  
8877689391,2016-04-20,19948,18.11,11.02,0.69,6.34,1.22,0.32,3.75,18.72,3679,Wednesday
8877689391,2016-04-21,19377,17.62,12.29,0.42,4.89,1.37,0.22,3.77,18.65,3659,Thursday 
8877689391,2016-04-22,18258,16.31,10.23,0.03,5.97,1.02,0.03,3.93,19.02,3427,Friday   
8877689391,2016-04-23,11200,7.43,0,0,7.4,1.7,0.1,5,17.2,3891,Saturday 
8877689391,2016-04-24,16674,15.74,11.01,0.01,4.69,1.07,0.02,3.78,19.13,3455,Sunday   
8877689391,2016-04-25,12986,8.74,2.37,0.07,6.27,1.88,0.13,3.63,18.35,3802,Monday   
8877689391,2016-04-26,11101,8.43,1.76,0.13,6.5,0.37,0.05,4.3,19.28,2860,Tuesday  
8877689391,2016-04-27,23629,20.65,13.07,0.44,7.1,1.55,0.13,3.92,18.4,3808,Wednesday
8877689391,2016-04-28,14890,11.3,4.93,0.38,5.97,0.97,0.13,3.85,19.05,3060,Thursday 
8877689391,2016-04-29,9733,7.39,1.38,0.17,5.79,0.3,0.08,3.5,20.12,2698,Friday   
8877689391,2016-04-30,27745,26.72,21.66,0.08,4.93,2.07,0.07,3.72,18.15,4398,Saturday 
8877689391,2016-05-01,10930,8.32,3.13,0.57,4.57,0.6,0.2,2.77,20.43,2786,Sunday   
8877689391,2016-05-02,4790,3.64,0,0,3.56,0,0,1.75,22.25,2189,Monday   
8877689391,2016-05-03,10818,8.21,1.39,0.1,6.67,0.32,0.05,3.82,19.82,2817,Tuesday  
8877689391,2016-05-04,18193,16.3,10.42,0.31,5.53,1.1,0.13,3.53,19.23,3477,Wednesday
8877689391,2016-05-05,14055,10.67,5.46,0.82,4.37,1.12,0.25,3.13,19.5,3052,Thursday 
8877689391,2016-05-06,21727,19.34,12.79,0.29,6.16,1.6,0.28,3.87,18.25,4015,Friday   
8877689391,2016-05-07,12332,8.13,0.08,0.96,6.99,1.75,0.47,4.52,17.27,4142,Saturday 
8877689391,2016-05-08,10686,8.11,1.08,0.2,6.8,0.28,0.07,4.08,19.57,2847,Sunday   
8877689391,2016-05-09,20226,18.25,11.1,0.8,6.24,1.22,0.32,3.62,18.85,3710,Monday   
8877689391,2016-05-10,10733,8.15,1.35,0.46,6.28,0.3,0.18,3.73,19.78,2832,Tuesday  
8877689391,2016-05-11,21420,19.56,13.22,0.41,5.89,1.47,0.2,3.55,18.78,3832,Wednesday
8877689391,2016-05-12,8064,6.12,1.82,0.04,4.25,0.38,0.02,2.28,12.83,1849,Thursday 

(843 rows affected)


Completion time: 2022-10-09T00:36:44.9535752-04:00
